name,target,class,WES_locus,spacer_sequence
matched_control_1,matched_control_1,matched_control,FAM120A,GCGGGTCGGGGGCGCGCTCA
matched_control_2,matched_control_2,matched_control,FAM120A,GCGGGTCGGGGGCGCGCTCA
matched_control_3,matched_control_3,matched_control,FAM120A,GAGGCCGAGGCCGAGGCTGA
matched_control_4,matched_control_4,matched_control,FAM120A,GAGGCCGAGGCCGAGGCTGA
matched_control_5,matched_control_5,matched_control,FAM120A,GAGGCCGAGGCCGAGGCTGA
matched_control_6,matched_control_6,matched_control,FAM120A,GGCAGGTCCCTCCCCAGACA
matched_control_7,matched_control_7,matched_control,FAM120A,GGCAGGTCCCTCCCCAGACA
matched_control_8,matched_control_8,matched_control,FAM120A,GCAGACATGGCCCTGGGAGG
matched_control_9,matched_control_9,matched_control,FAM120A,GCAGACATGGCCCTGGGAGG
matched_control_10,matched_control_10,matched_control,FAM120A,GGCAGGTCCCTCCCCAGACA
matched_control_11,matched_control_11,matched_control,FAM120A,GAGGCCGAGGCCGAGGCTGA
matched_control_12,matched_control_12,matched_control,FAM120A,GAGGCCGAGGCTGAGGGCCG
matched_control_13,matched_control_13,matched_control,FAM120A,GGCCTGGGCGGCGTCCGCGC
matched_control_14,matched_control_14,matched_control,FAM120A,GCCTGGGCGGCGTCCGCGCC
matched_control_73,matched_control_73,matched_control,FAM120A,GAAGGCTAGAATGAACCTCA
matched_control_74,matched_control_74,matched_control,FAM120A,GAAGGCTAGAATGAACCTCA
matched_control_79,matched_control_79,matched_control,FAM120A,GGTTGTCGGCGTCCACCAGC
matched_control_80,matched_control_80,matched_control,FAM120A,GGTTGTCGGCGTCCACCAGC
matched_control_83,matched_control_83,matched_control,FAM120A,GGTCTGCTCGGTCTCTCTCG
matched_control_84,matched_control_84,matched_control,FAM120A,GGTCTGCTCGGTCTCTCTCG
matched_control_89,matched_control_89,matched_control,FAM120A,GACTGTGTCACCTCCAGGGT
matched_control_90,matched_control_90,matched_control,FAM120A,GACTGTGTCACCTCCAGGGT
matched_control_91,matched_control_91,matched_control,FAM120A,GGAGGCGGCCAGGAGAGCTG
matched_control_92,matched_control_92,matched_control,FAM120A,GGAGGCGGCCAGGAGAGCTG
matched_control_95,matched_control_95,matched_control,FAM120A,GGACACACTCTGGGGCCCCG
matched_control_96,matched_control_96,matched_control,FAM120A,GGACACACTCTGGGGCCCCG
matched_control_97,matched_control_97,matched_control,FAM120A,GCAGGTGCTACTGCTGCTTG
matched_control_98,matched_control_98,matched_control,FAM120A,GCAGGTGCTACTGCTGCTTG
matched_control_99,matched_control_99,matched_control,FAM120A,GGAAAAGGTGTTCAGCCTCC
matched_control_100,matched_control_100,matched_control,FAM120A,GGAAAAGGTGTTCAGCCTCC
matched_control_101,matched_control_101,matched_control,FAM120A,GCAGAGCCCACTGCAGGCTC
matched_control_102,matched_control_102,matched_control,FAM120A,GCAGAGCCCACTGCAGGCTC
matched_control_103,matched_control_103,matched_control,FAM120A,GTGTTCTGGGCTCTGGCCAT
matched_control_104,matched_control_104,matched_control,FAM120A,GTGTTCTGGGCTCTGGCCAT
matched_control_105,matched_control_105,matched_control,FAM120A,GCCCTGCACCAGCAGGGCCC
matched_control_106,matched_control_106,matched_control,FAM120A,GCCCTGCACCAGCAGGGCCC
matched_control_113,matched_control_113,matched_control,FAM120A,GGAACTGCGGGGCTCCCCAA
matched_control_114,matched_control_114,matched_control,FAM120A,GGAACTGCGGGGCTCCCCAA
matched_control_115,matched_control_115,matched_control,FAM120A,GTGCTCATCCCAGCAGCTTC
matched_control_116,matched_control_116,matched_control,FAM120A,GTGCTCATCCCAGCAGCTTC
matched_control_123,matched_control_123,matched_control,FAM120A,GCGTGAGGGTCCGGCGGCGC
matched_control_124,matched_control_124,matched_control,FAM120A,GCGTGAGGGTCCGGCGGCGC
matched_control_129,matched_control_129,matched_control,FAM120A,GCAGTGTTGCATGAGAGAAA
matched_control_130,matched_control_130,matched_control,FAM120A,GCAGTGTTGCATGAGAGAAA
matched_control_133,matched_control_133,matched_control,FAM120A,GAAGCCGCGAAGCAGGTCCT
matched_control_134,matched_control_134,matched_control,FAM120A,GAAGCCGCGAAGCAGGTCCT
matched_control_135,matched_control_135,matched_control,FAM120A,GCGGCCGGCAGAGTCCCGAT
matched_control_136,matched_control_136,matched_control,FAM120A,GCGGCCGGCAGAGTCCCGAT
matched_control_143,matched_control_143,matched_control,FAM120A,GGTAGAATGTGACCAGCCTT
matched_control_144,matched_control_144,matched_control,FAM120A,GGTAGAATGTGACCAGCCTT
matched_control_145,matched_control_145,matched_control,FAM120A,GTTCTCTGCAGCCTGATATG
matched_control_146,matched_control_146,matched_control,FAM120A,GTTCTCTGCAGCCTGATATG
matched_control_147,matched_control_147,matched_control,FAM120A,GCACTGACCTAGCTCCAGCA
matched_control_148,matched_control_148,matched_control,FAM120A,GCACTGACCTAGCTCCAGCA
matched_control_157,matched_control_157,matched_control,FAM120A,GGGAGGCCATGTCCCTGTGA
matched_control_158,matched_control_158,matched_control,FAM120A,GGGAGGCCATGTCCCTGTGA
matched_control_163,matched_control_163,matched_control,FAM120A,GCGGGCGGGCTGGCGGGCGG
matched_control_164,matched_control_164,matched_control,FAM120A,GCGGGCGGGCTGGCGGGCGG
matched_control_165,matched_control_165,matched_control,FAM120A,GCCGAGAGCCCGAAGCTGCT
matched_control_166,matched_control_166,matched_control,FAM120A,GCCGAGAGCCCGAAGCTGCT
matched_control_171,matched_control_171,matched_control,FAM120A,GGCCTCCTCTCCCTATAGGA
matched_control_172,matched_control_172,matched_control,FAM120A,GGCCTCCTCTCCCTATAGGA
matched_control_177,matched_control_177,matched_control,FAM120A,GACTCGCCGGTTCCTGACGG
matched_control_178,matched_control_178,matched_control,FAM120A,GACTCGCCGGTTCCTGACGG
matched_control_181,matched_control_181,matched_control,FAM120A,GCTGCATCCAGGTCAGTCAC
matched_control_182,matched_control_182,matched_control,FAM120A,GCTGCATCCAGGTCAGTCAC
matched_control_187,matched_control_187,matched_control,FAM120A,GGCCATCCTGTAGGGAGAGG
matched_control_188,matched_control_188,matched_control,FAM120A,GGCCATCCTGTAGGGAGAGG
matched_control_199,matched_control_199,matched_control,FAM120A,GCATGGATACTCTTCCTTGG
matched_control_200,matched_control_200,matched_control,FAM120A,GCATGGATACTCTTCCTTGG
matched_control_205,matched_control_205,matched_control,FAM120A,GGGATCTCCAGGAGCAACGA
matched_control_206,matched_control_206,matched_control,FAM120A,GGGATCTCCAGGAGCAACGA
matched_control_207,matched_control_207,matched_control,FAM120A,GGTCTGCTCGGTCTCTCTCG
matched_control_214,matched_control_214,matched_control,FAM120A,GATCGGAGCCTGGGGCGCTC
matched_control_215,matched_control_215,matched_control,FAM120A,GATCGGAGCCTGGGGCGCTC
matched_control_266,matched_control_266,matched_control,FAM120A,GTCCCGCTCCAGGGAGGGGC
matched_control_267,matched_control_267,matched_control,FAM120A,GTCCCGCTCCAGGGAGGGGC
matched_control_268,matched_control_268,matched_control,FAM120A,GGGAACCGGCGAGTCAGGGT
matched_control_269,matched_control_269,matched_control,FAM120A,GGGAACCGGCGAGTCAGGGT
matched_control_270,matched_control_270,matched_control,FAM120A,GCCTCTGGCCAACCAGCAGC
matched_control_271,matched_control_271,matched_control,FAM120A,GCCTCTGGCCAACCAGCAGC
matched_control_272,matched_control_272,matched_control,FAM120A,GCCGGTGGTTATTCTGGGTA
matched_control_273,matched_control_273,matched_control,FAM120A,GGCCCTGCCCTGCCCCCCGG
matched_control_274,matched_control_274,matched_control,FAM120A,GGAGCAGCTGAGAGACACTT
matched_control_275,matched_control_275,matched_control,FAM120A,GGAGCAGCTGAGAGACACTT
matched_control_276,matched_control_276,matched_control,FAM120A,GTGTGAAAGAGACCACATGG
matched_control_277,matched_control_277,matched_control,FAM120A,GTGTGAAAGAGACCACATGG
matched_control_278,matched_control_278,matched_control,FAM120A,GTGTGAAAGAGACCACATGG
matched_control_279,matched_control_279,matched_control,FAM120A,GTCCAGCTGTCAGCCAGGCA
matched_control_280,matched_control_280,matched_control,FAM120A,GGCCTCTGGCTCTTCCCTTG
matched_control_281,matched_control_281,matched_control,FAM120A,GGCCTCTGGCTCTTCCCTTG
matched_control_282,matched_control_282,matched_control,FAM120A,GCCAAGCCTGGACTGAGACC
matched_control_283,matched_control_283,matched_control,FAM120A,GCCAAGCCTGGACTGAGACC
matched_control_290,matched_control_290,matched_control,FAM120A,GTTTAAAGCCAGGCAGACCT
matched_control_291,matched_control_291,matched_control,FAM120A,GTTTAAAGCCAGGCAGACCT
matched_control_294,matched_control_294,matched_control,FAM120A,GTATGTCCAGGCAGACCGAA
matched_control_295,matched_control_295,matched_control,FAM120A,GTATGTCCAGGCAGACCGAA
matched_control_296,matched_control_296,matched_control,FAM120A,GTAGGTGGGTACAGAAACAA
matched_control_297,matched_control_297,matched_control,FAM120A,GTAGGTGGGTACAGAAACAA
matched_control_298,matched_control_298,matched_control,FAM120A,GAGCTCCCCATCAGCTGTCT
matched_control_299,matched_control_299,matched_control,FAM120A,GAGCCTCTCCCAGGCCCAGA
matched_control_302,matched_control_302,matched_control,FAM120A,GTTGTTCACTTGTAGTATAT
matched_control_303,matched_control_303,matched_control,FAM120A,GTTGTTCACTTGTAGTATAT
matched_control_308,matched_control_308,matched_control,FAM120A,GCCTGTAGCTGTCAGCTATG
matched_control_309,matched_control_309,matched_control,FAM120A,GCTGGTGGGGTCCTGCTGCT
matched_control_312,matched_control_312,matched_control,FAM120A,GCATACTGGGACCCTGAGTG
matched_control_313,matched_control_313,matched_control,FAM120A,GCATACTGGGACCCTGAGTG
matched_control_322,matched_control_322,matched_control,FAM120A,GGGACGCGGCTCGGGGCTCC
matched_control_323,matched_control_323,matched_control,FAM120A,GGGACGCGGCTCGGGGCTCC
matched_control_324,matched_control_324,matched_control,FAM120A,GGCCTCCTCTCCCTACAGGA
matched_control_325,matched_control_325,matched_control,FAM120A,GGCCTCCTCTCCCTACAGGA
matched_control_328,matched_control_328,matched_control,FAM120A,GCAGTGGCTGCTTTCTCAGT
matched_control_329,matched_control_329,matched_control,FAM120A,GCAGTGGCTGCTTTCTCAGT
matched_control_330,matched_control_330,matched_control,FAM120A,GGGCAGGTGGCGGCGGGAAA
matched_control_331,matched_control_331,matched_control,FAM120A,GGGCAGGTGGCGGCGGGAAA
matched_control_334,matched_control_334,matched_control,FAM120A,GCAGGTGGAGTGAGCTCTCC
matched_control_335,matched_control_335,matched_control,FAM120A,GCAGGTGGAGTGAGCTCTCC
matched_control_336,matched_control_336,matched_control,FAM120A,GGAAACGTGCGCCTTTGCAG
matched_control_337,matched_control_337,matched_control,FAM120A,GGAAACGTGCGCCTTTGCAG
matched_control_342,matched_control_342,matched_control,FAM120A,GGCCTTTCTAACGCCGCCGT
matched_control_343,matched_control_343,matched_control,FAM120A,GGCCTTTCTAACGCCGCCGT
matched_control_344,matched_control_344,matched_control,FAM120A,GGTCAGAGGTGCTGTCCTAA
matched_control_345,matched_control_345,matched_control,FAM120A,GGTCAGAGGTGCTGTCCTAA
matched_control_346,matched_control_346,matched_control,FAM120A,GAGGATTAAAGAAGACGTCA
matched_control_347,matched_control_347,matched_control,FAM120A,GAGGATTAAAGAAGACGTCA
matched_control_348,matched_control_348,matched_control,FAM120A,GCCTCGGGAGACCTGCTGTT
matched_control_349,matched_control_349,matched_control,FAM120A,GCCTCGGGAGACCTGCTGTT
matched_control_360,matched_control_360,matched_control,FAM120A,GGCAGGATGCAGCACCACAC
matched_control_361,matched_control_361,matched_control,FAM120A,GCACAGCCATCCCTGCCTCA
matched_control_362,matched_control_362,matched_control,FAM120A,GGGCCGCCGCCTCCGCCCGG
matched_control_363,matched_control_363,matched_control,FAM120A,GGGCCGCCGCCTCCGCCCGG
matched_control_366,matched_control_366,matched_control,FAM120A,GGCCTCCGGGAGGAAAAAGC
matched_control_367,matched_control_367,matched_control,FAM120A,GGCCTCCGGGAGGAAAAAGC
matched_control_372,matched_control_372,matched_control,FAM120A,GCCCAACACTGGAGGGGTAG
matched_control_373,matched_control_373,matched_control,FAM120A,GCCCAACACTGGAGGGGTAG
matched_control_374,matched_control_374,matched_control,FAM120A,GAGACAATGGATAGCGGCTC
matched_control_375,matched_control_375,matched_control,FAM120A,GAGACAATGGATAGCGGCTC
matched_control_376,matched_control_376,matched_control,FAM120A,GAGCTGAGCCTGCAGAGCAT
matched_control_377,matched_control_377,matched_control,FAM120A,GAGCTGAGCCTGCAGAGCAT
matched_control_382,matched_control_382,matched_control,FAM120A,GTCACCAGGCCTCCTCTTCT
matched_control_383,matched_control_383,matched_control,FAM120A,GTCACCAGGCCTCCTCTTCT
matched_control_384,matched_control_384,matched_control,FAM120A,GGAGGGATGCGTCAGGCCCT
matched_control_385,matched_control_385,matched_control,FAM120A,GGAGGGATGCGTCAGGCCCT
matched_control_386,matched_control_386,matched_control,FAM120A,GCATGAAAGAGACCACATGG
matched_control_387,matched_control_387,matched_control,FAM120A,GCATGAAAGAGACCACATGG
matched_control_410,matched_control_410,matched_control,FAM120A,GTTAGCTTAACTAGAGCATG
matched_control_411,matched_control_411,matched_control,FAM120A,GTTAGCTTAACTAGAGCATG
matched_control_416,matched_control_416,matched_control,FAM120A,GGCATGGGGGCACCACCTGA
matched_control_417,matched_control_417,matched_control,FAM120A,GGCATGGGGGCACCACCTGA
matched_control_418,matched_control_418,matched_control,FAM120A,GACTACAGCCTGCTGCTGGT
matched_control_419,matched_control_419,matched_control,FAM120A,GACTACAGCCTGCTGCTGGT
matched_control_424,matched_control_424,matched_control,FAM120A,GCTCTGCTCCCGCCCACAGT
matched_control_425,matched_control_425,matched_control,FAM120A,GCTCTGCTCCCGCCCACAGT
matched_control_440,matched_control_440,matched_control,FAM120A,GCATGGAGATGATGGGCACA
matched_control_441,matched_control_441,matched_control,FAM120A,GCATGGAGATGATGGGCACA
matched_control_446,matched_control_446,matched_control,FAM120A,GCTGCAGTCCCGGAGATGCC
matched_control_447,matched_control_447,matched_control,FAM120A,GCTGCAGTCCCGGAGATGCC
matched_control_450,matched_control_450,matched_control,FAM120A,GCTGCTGTGTGTTCCAACCC
matched_control_451,matched_control_451,matched_control,FAM120A,GCTGCTGTGTGTTCCAACCC
matched_control_452,matched_control_452,matched_control,FAM120A,GGACCGGCTCTGGGTCCAGC
matched_control_453,matched_control_453,matched_control,FAM120A,GGACCGGCTCTGGGTCCAGC
matched_control_458,matched_control_458,matched_control,FAM120A,GCTGCCTCCTCCTGTGCCCT
matched_control_459,matched_control_459,matched_control,FAM120A,GCCTGCCTCCTCCTGTGCCC
matched_control_462,matched_control_462,matched_control,FAM120A,GCACGAGTGGGTCAAGCGGC
matched_control_463,matched_control_463,matched_control,FAM120A,GCACGAGTGGGTCAAGCGGC
matched_control_466,matched_control_466,matched_control,FAM120A,GGGAGGTAGGGCTTGTAACC
matched_control_467,matched_control_467,matched_control,FAM120A,GGGAGGTAGGGCTTGTAACC
matched_control_468,matched_control_468,matched_control,FAM120A,GGATAGCACTTGGCAGGGCC
matched_control_469,matched_control_469,matched_control,FAM120A,GGATAGCACTTGGCAGGGCC
matched_control_470,matched_control_470,matched_control,FAM120A,GCAGATACTGGTGCTTCTGT
matched_control_471,matched_control_471,matched_control,FAM120A,GAGATACTGGTGCTTCTGTA
matched_control_484,matched_control_484,matched_control,FAM120A,GTTCCAATCCTGGGATCAAG
matched_control_485,matched_control_485,matched_control,FAM120A,GTTCCAATCCTGGGATCAAG
matched_control_488,matched_control_488,matched_control,FAM120A,GGACGGCGGCGTTAGAAAGG
matched_control_489,matched_control_489,matched_control,FAM120A,GGACGGCGGCGTTAGAAAGG
matched_control_490,matched_control_490,matched_control,FAM120A,GGGAGGAAAAAGCTGGGAGT
matched_control_491,matched_control_491,matched_control,FAM120A,GGGAGGAAAAAGCTGGGAGT
matched_control_492,matched_control_492,matched_control,FAM120A,GTCACAGAGTGAGTAGACTG
matched_control_493,matched_control_493,matched_control,FAM120A,GTCACAGAGTGAGTAGACTG
matched_control_496,matched_control_496,matched_control,FAM120A,GCATACTGGGACCCTGAGTG
matched_control_497,matched_control_497,matched_control,FAM120A,GTTACGCTCTATTAGGGAGA
matched_control_498,matched_control_498,matched_control,FAM120A,GTTACGCTCTATTAGGGAGA
matched_control_499,matched_control_499,matched_control,FAM120A,GTGTGAAATGCACTGTCTAC
matched_control_500,matched_control_500,matched_control,FAM120A,GTGTGAAATGCACTGTCTAC
matched_control_501,matched_control_501,matched_control,FAM120A,GGACCCCGAACAGGGACAGC
matched_control_502,matched_control_502,matched_control,FAM120A,GGACCCCGAACAGGGACAGC
matched_control_505,matched_control_505,matched_control,FAM120A,GGATAGCACTTGGCAGGGCC
matched_control_506,matched_control_506,matched_control,FAM120A,GGATAGCACTTGGCAGGGCC
matched_control_507,matched_control_507,matched_control,FAM120A,GCAATTGTCCTCCTTGTTCC
matched_control_508,matched_control_508,matched_control,FAM120A,GCAATTGTCCTCCTTGTTCC
matched_control_509,matched_control_509,matched_control,FAM120A,GCCTAGACCAAGACAGCTGA
matched_control_510,matched_control_510,matched_control,FAM120A,GCCTAGACCAAGACAGCTGA
matched_control_515,matched_control_515,matched_control,FAM120A,GCGGGAGAGGCGAGCCCGGC
matched_control_516,matched_control_516,matched_control,FAM120A,GCGGGAGAGGCGAGCCCGGC
matched_control_523,matched_control_523,matched_control,FAM120A,GCCGGCCCCGCACAGAGAAC
matched_control_524,matched_control_524,matched_control,FAM120A,GCCGGCCCCGCACAGAGAAC
matched_control_525,matched_control_525,matched_control,FAM120A,GGCAGCTGCTGCCCAGCCTG
matched_control_526,matched_control_526,matched_control,FAM120A,GGCAGCTGCTGCCCAGCCTG
matched_control_527,matched_control_527,matched_control,FAM120A,GGAGAGACCGAGCAGACCCT
matched_control_528,matched_control_528,matched_control,FAM120A,GGAGAGACCGAGCAGACCCT
matched_control_529,matched_control_529,matched_control,FAM120A,GGCACTCCAGCCCAGCCTCC
matched_control_530,matched_control_530,matched_control,FAM120A,GGCACTCCAGCCCAGCCTCC
matched_control_533,matched_control_533,matched_control,FAM120A,GGCCCTCCCACTGTGCTCCA
matched_control_534,matched_control_534,matched_control,FAM120A,GGCCCTCCCACTGTGCTCCA
matched_control_535,matched_control_535,matched_control,FAM120A,GTCCCAGGATTGGAACACAG
matched_control_536,matched_control_536,matched_control,FAM120A,GTCCCAGGATTGGAACACAG
matched_control_541,matched_control_541,matched_control,FAM120A,GCAAAAGGACCAAAGGATAG
matched_control_542,matched_control_542,matched_control,FAM120A,GCAAAAGGACCAAAGGATAG
matched_control_565,matched_control_565,matched_control,FAM120A,GAGATGGGACGTGGCTTAGG
matched_control_566,matched_control_566,matched_control,FAM120A,GAGATGGGACGTGGCTTAGG
matched_control_577,matched_control_577,matched_control,FAM120A,GTCATTTCCATAAAGGGGTG
matched_control_578,matched_control_578,matched_control,FAM120A,GTCATTTCCATAAAGGGGTG
matched_control_605,matched_control_605,matched_control,FAM120A,GGCCTCGAACTCTTGACCTC
matched_control_606,matched_control_606,matched_control,FAM120A,GGCCTCGAACTCTTGACCTC
matched_control_607,matched_control_607,matched_control,FAM120A,GTCCTCAAAGGGGACTTCAA
matched_control_608,matched_control_608,matched_control,FAM120A,GTCCTCAAAGGGGACTTCAA
matched_control_631,matched_control_631,matched_control,FAM120A,GGGAAGCTGAGGCAGGAGAA
matched_control_632,matched_control_632,matched_control,FAM120A,GGGAAGCTGAGGCAGGAGAA
matched_control_633,matched_control_633,matched_control,FAM120A,GGGAGTAACCAGACAGCTTG
matched_control_634,matched_control_634,matched_control,FAM120A,GAGGAGTAACCAGACAGCTT
matched_control_638,matched_control_638,matched_control,FAM120A,GAGACAATGGATAGCGGCTC
matched_control_641,matched_control_641,matched_control,FAM120A,GGACACACTCTGGGGCCCCG
matched_control_643,matched_control_643,matched_control,FAM120A,GAGACAATGGATAGCGGCTC
matched_control_646,matched_control_646,matched_control,FAM120A,GGACACACTCTGGGGCCCCG
matched_control_649,matched_control_649,matched_control,FAM120A,GAGACAATGGATAGCGGCTC
matched_control_650,matched_control_650,matched_control,FAM120A,GAGACAATGGATAGCGGCTC
matched_control_651,matched_control_651,matched_control,FAM120A,GGACACACTCTGGGGCCCCG
matched_control_653,matched_control_653,matched_control,FAM120A,GGCTAGCCTCGCTCACTCCA
matched_control_654,matched_control_654,matched_control,FAM120A,GGCTAGCCTCGCTCACTCCA
matched_control_655,matched_control_655,matched_control,FAM120A,GGACACACTCTGGGGCCCCG
matched_control_656,matched_control_656,matched_control,FAM120A,GGCTAGCCTCGCTCACTCCA
matched_control_661,matched_control_661,matched_control,FAM120A,GGCTAGCCTCGCTCACTCCA
matched_control_663,matched_control_663,matched_control,FAM120A,GTCGGAGCCTGGGGCGCTCA
matched_control_667,matched_control_667,matched_control,FAM120A,GTCGGAGCCTGGGGCGCTCA
matched_control_670,matched_control_670,matched_control,FAM120A,GATCGGAGCCTGGGGCGCTC
matched_control_672,matched_control_672,matched_control,FAM120A,GATCGGAGCCTGGGGCGCTC
matched_control_677,matched_control_677,matched_control,FAM120A,GCAGGTGGAGTGAGCTCTCC
matched_control_680,matched_control_680,matched_control,FAM120A,GCAGGTGGAGTGAGCTCTCC
matched_control_681,matched_control_681,matched_control,FAM120A,GCAGGTGGAGTGAGCTCTCC
matched_control_684,matched_control_684,matched_control,FAM120A,GAGACAGGCACCATGCACAG
matched_control_687,matched_control_687,matched_control,FAM120A,GGGACAGACCACTACACTCT
matched_control_688,matched_control_688,matched_control,FAM120A,GGGACAGACCACTACACTCT
matched_control_693,matched_control_693,matched_control,FAM120A,GTGAATGTTGTCATGACTTG
matched_control_694,matched_control_694,matched_control,FAM120A,GGGACAGACCACTACACTCT
matched_control_698,matched_control_698,matched_control,FAM120A,GCAGGTGGAGTGAGCTCTCC
matched_control_700,matched_control_700,matched_control,FAM120A,GGGACAGACCACTACACTCT
matched_control_701,matched_control_701,matched_control,FAM120A,GAGAGGAGGCCCCGTAGAGC
matched_control_704,matched_control_704,matched_control,FAM120A,GAGACAGGCACCATGCACAG
matched_control_706,matched_control_706,matched_control,FAM120A,GAGAGGAGGCCCCGTAGAGC
matched_control_707,matched_control_707,matched_control,FAM120A,GAGACAGGCACCATGCACAG
matched_control_708,matched_control_708,matched_control,FAM120A,GAGACAGGCACCATGCACAG
matched_control_710,matched_control_710,matched_control,FAM120A,GAGAGGAGGCCCCGTAGAGC
matched_control_712,matched_control_712,matched_control,FAM120A,GTGTGAAAGAGACCACATGG
matched_control_713,matched_control_713,matched_control,FAM120A,GTGTGAAAGAGACCACATGG
matched_control_718,matched_control_718,matched_control,FAM120A,GAGAGGAGGCCCCGTAGAGC
matched_control_720,matched_control_720,matched_control,FAM120A,GTGAATGTTGTCATGACTTG
matched_control_723,matched_control_723,matched_control,FAM120A,GACCCAGAATAACCACCGGG
matched_control_727,matched_control_727,matched_control,FAM120A,GGACGTCAGGGAGCTCATCC
matched_control_728,matched_control_728,matched_control,FAM120A,GGACGTCAGGGAGCTCATCC
matched_control_730,matched_control_730,matched_control,FAM120A,GTGAATGTTGTCATGACTTG
matched_control_734,matched_control_734,matched_control,FAM120A,GCCCAGCCTCCAGGCATCTC
matched_control_735,matched_control_735,matched_control,FAM120A,GGCTAGCCTCGCTCACTCCA
matched_control_737,matched_control_737,matched_control,FAM120A,GCCCAGCCTCCAGGCATCTC
matched_control_740,matched_control_740,matched_control,FAM120A,GTGTGAAAGAGACCACATGG
matched_control_744,matched_control_744,matched_control,FAM120A,GACCCAGAATAACCACCGGG
matched_control_745,matched_control_745,matched_control,FAM120A,GCAGAGGCTGGGCTTGGGAC
matched_control_748,matched_control_748,matched_control,FAM120A,GGACGTCAGGGAGCTCATCC
matched_control_749,matched_control_749,matched_control,FAM120A,GGGCGGCGCTGGAGACCCGG
matched_control_750,matched_control_750,matched_control,FAM120A,GACTACAGCCTGCTGCTGGT
matched_control_751,matched_control_751,matched_control,FAM120A,GGACGTCAGGGAGCTCATCC
matched_control_752,matched_control_752,matched_control,FAM120A,GTCACAGAGTGAGTAGACTG
matched_control_753,matched_control_753,matched_control,FAM120A,GCCTGGGGCCACCGTCACAG
matched_control_754,matched_control_754,matched_control,FAM120A,GGACGTCAGGGAGCTCATCC
matched_control_756,matched_control_756,matched_control,FAM120A,GGAGAATGCAGTTCCGCGGC
matched_control_757,matched_control_757,matched_control,FAM120A,GACTACAGCCTGCTGCTGGT
matched_control_762,matched_control_762,matched_control,FAM120A,GGACGTCAGGGAGCTCATCC
matched_control_763,matched_control_763,matched_control,FAM120A,GACCCAGAATAACCACCGGG
matched_control_765,matched_control_765,matched_control,FAM120A,GGAGAATGCAGTTCCGCGGC
matched_control_766,matched_control_766,matched_control,FAM120A,GTAGAATGTGACCAGCCTTG
matched_control_767,matched_control_767,matched_control,FAM120A,GGACGTCAGGGAGCTCATCC
matched_control_768,matched_control_768,matched_control,FAM120A,GGACGTCAGGGAGCTCATCC
matched_control_769,matched_control_769,matched_control,FAM120A,GGGCGGCGCTGGAGACCCGG
matched_control_771,matched_control_771,matched_control,FAM120A,GTAGAATGTGACCAGCCTTG
matched_control_772,matched_control_772,matched_control,FAM120A,GTGTGAAAGAGACCACATGG
matched_control_773,matched_control_773,matched_control,FAM120A,GTAGAATGTGACCAGCCTTG
matched_control_775,matched_control_775,matched_control,FAM120A,GCCGGCTCTGGGTCCAGCCG
matched_control_777,matched_control_777,matched_control,FAM120A,GCTGTCACATCTGACTCCAC
matched_control_778,matched_control_778,matched_control,FAM120A,GAACAGGGACAGCTGGAGAC
matched_control_780,matched_control_780,matched_control,FAM120A,GCACTGTCTACAGGTAGCAG
matched_control_781,matched_control_781,matched_control,FAM120A,GAACAGGGACAGCTGGAGAC
matched_control_783,matched_control_783,matched_control,FAM120A,GGGGCTTGTAACCTGGAGAT
matched_control_784,matched_control_784,matched_control,FAM120A,GAGCTGAGCCTGCAGAGCAT
matched_control_785,matched_control_785,matched_control,FAM120A,GAGCTGAGCCTGCAGAGCAT
matched_control_789,matched_control_789,matched_control,FAM120A,GTCACAGAGTGAGTAGACTG
matched_control_793,matched_control_793,matched_control,FAM120A,GCTGTCACATCTGACTCCAC
matched_control_795,matched_control_795,matched_control,FAM120A,GGGCGGCGCTGGAGACCCGG
matched_control_796,matched_control_796,matched_control,FAM120A,GAGCTGAGCCTGCAGAGCAT
matched_control_797,matched_control_797,matched_control,FAM120A,GGGGCTTGTAACCTGGAGAT
matched_control_798,matched_control_798,matched_control,FAM120A,GCACTGTCTACAGGTAGCAG
matched_control_801,matched_control_801,matched_control,FAM120A,GTCACAGAGTGAGTAGACTG
matched_control_804,matched_control_804,matched_control,FAM120A,GCAGGAAGGAAACGCGCCCC
matched_control_805,matched_control_805,matched_control,FAM120A,GTCCGGCGGCGCTGGAGACC
matched_control_806,matched_control_806,matched_control,FAM120A,GTAGAATGTGACCAGCCTTG
matched_control_808,matched_control_808,matched_control,FAM120A,GGACACACTCTGGGGCCCCG
matched_control_810,matched_control_810,matched_control,FAM120A,GTCACAGAGTGAGTAGACTG
matched_control_811,matched_control_811,matched_control,FAM120A,GGAGAATGCAGTTCCGCGGC
matched_control_812,matched_control_812,matched_control,FAM120A,GGGGCTTGTAACCTGGAGAT
matched_control_814,matched_control_814,matched_control,FAM120A,GAACAGGGACAGCTGGAGAC
matched_control_815,matched_control_815,matched_control,FAM120A,GCACTGTCTACAGGTAGCAG
matched_control_816,matched_control_816,matched_control,FAM120A,GACTACAGCCTGCTGCTGGT
matched_control_819,matched_control_819,matched_control,FAM120A,GCCTGCTGCTGGTTGGCCAG
matched_control_820,matched_control_820,matched_control,FAM120A,GCATGAAAGAGACCACATGG
matched_control_822,matched_control_822,matched_control,FAM120A,GCCTGGGGCCACCGTCACAG
matched_control_823,matched_control_823,matched_control,FAM120A,GGAGAATGCAGTTCCGCGGC
matched_control_824,matched_control_824,matched_control,FAM120A,GTGAATGTTGTCATGACTTG
matched_control_825,matched_control_825,matched_control,FAM120A,GCCTGGGGCCACCGTCACAG
matched_control_827,matched_control_827,matched_control,FAM120A,GGGAGTAGGCCTCACTGACA
matched_control_829,matched_control_829,matched_control,FAM120A,GTCTTATCGCTGCTTCCCTC
matched_control_831,matched_control_831,matched_control,FAM120A,GACTACAGCCTGCTGCTGGT
matched_control_834,matched_control_834,matched_control,FAM120A,GGGGCTTGTAACCTGGAGAT
matched_control_835,matched_control_835,matched_control,FAM120A,GGGAGTAGGCCTCACTGACA
matched_control_839,matched_control_839,matched_control,FAM120A,GCCCAGCCTCCAGGCATCTC
matched_control_842,matched_control_842,matched_control,FAM120A,GGATAAGAAGGCCAGACTGA
matched_control_844,matched_control_844,matched_control,FAM120A,GCAGGAAGGAAACGCGCCCC
matched_control_845,matched_control_845,matched_control,FAM120A,GGGAGTAGGCCTCACTGACA
matched_control_847,matched_control_847,matched_control,FAM120A,GGATAAGAAGGCCAGACTGA
matched_control_849,matched_control_849,matched_control,FAM120A,GCACTGACCTAGCTCCAGCA
matched_control_850,matched_control_850,matched_control,FAM120A,GGTCTGCTCGGTCTCTCTCG
matched_control_851,matched_control_851,matched_control,FAM120A,GACCCAGAATAACCACCGGG
matched_control_852,matched_control_852,matched_control,FAM120A,GTCTTATCGCTGCTTCCCTC
matched_control_853,matched_control_853,matched_control,FAM120A,GCATGAAAGAGACCACATGG
matched_control_854,matched_control_854,matched_control,FAM120A,GCAGGGGTGGGGTTTGTTGA
matched_control_855,matched_control_855,matched_control,FAM120A,GCCTGGGGCCACCGTCACAG
matched_control_856,matched_control_856,matched_control,FAM120A,GCCCAGCCTCCAGGCATCTC
matched_control_857,matched_control_857,matched_control,FAM120A,GGTCTGCTCGGTCTCTCTCG
matched_control_861,matched_control_861,matched_control,FAM120A,GCCGGCTCTGGGTCCAGCCG
matched_control_862,matched_control_862,matched_control,FAM120A,GCAGGACTACAGCCTGCTGC
matched_control_864,matched_control_864,matched_control,FAM120A,GCAGGACTACAGCCTGCTGC
matched_control_866,matched_control_866,matched_control,FAM120A,GGACACACTCTGGGGCCCCG
matched_control_867,matched_control_867,matched_control,FAM120A,GGGAGTAGGCCTCACTGACA
matched_control_868,matched_control_868,matched_control,FAM120A,GCCTGTGCCCTGGGAGTGGC
matched_control_871,matched_control_871,matched_control,FAM120A,GACCCAGAATAACCACCGGG
matched_control_873,matched_control_873,matched_control,FAM120A,GTCTTATCGCTGCTTCCCTC
matched_control_876,matched_control_876,matched_control,FAM120A,GGTCTGCTCGGTCTCTCTCG
matched_control_878,matched_control_878,matched_control,FAM120A,GCATGAAAGAGACCACATGG
matched_control_884,matched_control_884,matched_control,FAM120A,GCAGTCCCGGAGATGCCTGG
matched_control_886,matched_control_886,matched_control,FAM120A,GGACACACTCTGGGGCCCCG
matched_control_887,matched_control_887,matched_control,FAM120A,GCCGGCTCTGGGTCCAGCCG
matched_control_888,matched_control_888,matched_control,FAM120A,GCCACCTGCTCCCGAACTGC
matched_control_889,matched_control_889,matched_control,FAM120A,GAACAGGGACAGCTGGAGAC
matched_control_890,matched_control_890,matched_control,FAM120A,GCACTGACCTAGCTCCAGCA
matched_control_892,matched_control_892,matched_control,FAM120A,GGATAAGAAGGCCAGACTGA
matched_control_895,matched_control_895,matched_control,FAM120A,GCTGTCACATCTGACTCCAC
matched_control_897,matched_control_897,matched_control,FAM120A,GACTACAGCCTGCTGCTGGT
matched_control_898,matched_control_898,matched_control,FAM120A,GGATAAGAAGGCCAGACTGA
matched_control_901,matched_control_901,matched_control,FAM120A,GAGCAGCTGAGAGACACTTT
matched_control_902,matched_control_902,matched_control,FAM120A,GCCGGCTCTGGGTCCAGCCG
matched_control_903,matched_control_903,matched_control,FAM120A,GATTCTGGGTATGGCCCCAA
matched_control_905,matched_control_905,matched_control,FAM120A,GGACACACTCTGGGGCCCCG
matched_control_906,matched_control_906,matched_control,FAM120A,GCAGTCCCGGAGATGCCTGG
matched_control_910,matched_control_910,matched_control,FAM120A,GCAGTCCCGGAGATGCCTGG
matched_control_911,matched_control_911,matched_control,FAM120A,GTCTTATCGCTGCTTCCCTC
matched_control_912,matched_control_912,matched_control,FAM120A,GCACCTGCTCCCGAACTGCG
matched_control_913,matched_control_913,matched_control,FAM120A,GCACCTGCTCCCGAACTGCG
matched_control_914,matched_control_914,matched_control,FAM120A,GGAAAAGGTGTTCAGCCTCC
matched_control_916,matched_control_916,matched_control,FAM120A,GCACTGTCTACAGGTAGCAG
matched_control_917,matched_control_917,matched_control,FAM120A,GACCCAGAATAACCACCGGG
matched_control_918,matched_control_918,matched_control,FAM120A,GGTCTGCTCGGTCTCTCTCG
matched_control_920,matched_control_920,matched_control,FAM120A,GGTCTGCTCGGTCTCTCTCG
matched_control_922,matched_control_922,matched_control,FAM120A,GCAGGGGTGGGGTTTGTTGA
matched_control_924,matched_control_924,matched_control,FAM120A,GCTGTCACATCTGACTCCAC
matched_control_926,matched_control_926,matched_control,FAM120A,GATTCTGGGTATGGCCCCAA
matched_control_927,matched_control_927,matched_control,FAM120A,GAGCAGCTGAGAGACACTTT
matched_control_929,matched_control_929,matched_control,FAM120A,GGTCTGCTCGGTCTCTCTCG
matched_control_932,matched_control_932,matched_control,FAM120A,GGCTCGGCGGACCTGGGTAC
matched_control_935,matched_control_935,matched_control,FAM120A,GCCACCTGCTCCCGAACTGC
matched_control_936,matched_control_936,matched_control,FAM120A,GCATGAAAGAGACCACATGG
matched_control_940,matched_control_940,matched_control,FAM120A,GTGCATCCAGGTCAGTCACT
matched_control_943,matched_control_943,matched_control,FAM120A,GATTCTGGGTATGGCCCCAA
matched_control_946,matched_control_946,matched_control,FAM120A,GGCTCGGCGGACCTGGGTAC
matched_control_947,matched_control_947,matched_control,FAM120A,GGGCCTCCTCTTCTGGGCGC
matched_control_948,matched_control_948,matched_control,FAM120A,GCACTGACCTAGCTCCAGCA
matched_control_954,matched_control_954,matched_control,FAM120A,GATTCTGGGTATGGCCCCAA
matched_control_956,matched_control_956,matched_control,FAM120A,GCAGGGGTGGGGTTTGTTGA
matched_control_957,matched_control_957,matched_control,FAM120A,GGCTCGGCGGACCTGGGTAC
matched_control_958,matched_control_958,matched_control,FAM120A,GCCTGTGCCCTGGGAGTGGC
matched_control_960,matched_control_960,matched_control,FAM120A,GGGCCTCCTCTTCTGGGCGC
matched_control_962,matched_control_962,matched_control,FAM120A,GCAGGGGTGGGGTTTGTTGA
matched_control_963,matched_control_963,matched_control,FAM120A,GGAAAAGGTGTTCAGCCTCC
matched_control_965,matched_control_965,matched_control,FAM120A,GGGCCTCCTCTTCTGGGCGC
matched_control_969,matched_control_969,matched_control,FAM120A,GGCTCGGCGGACCTGGGTAC
matched_control_974,matched_control_974,matched_control,FAM120A,GGTCCATCAGCAGTACAGAC
matched_control_977,matched_control_977,matched_control,FAM120A,GTGCATCCAGGTCAGTCACT
matched_control_978,matched_control_978,matched_control,FAM120A,GAGCAGCTGAGAGACACTTT
matched_control_980,matched_control_980,matched_control,FAM120A,GGAAAAGGTGTTCAGCCTCC
matched_control_981,matched_control_981,matched_control,FAM120A,GCAGTCCCGGAGATGCCTGG
matched_control_983,matched_control_983,matched_control,FAM120A,GTGCATCCAGGTCAGTCACT
matched_control_984,matched_control_984,matched_control,FAM120A,GTGCATCCAGGTCAGTCACT
matched_control_986,matched_control_986,matched_control,FAM120A,GGTCTGCTCGGTCTCTCTCG
matched_control_987,matched_control_987,matched_control,FAM120A,GCAGGACTACAGCCTGCTGC
matched_control_994,matched_control_994,matched_control,FAM120A,GGGCCTCCTCTTCTGGGCGC
matched_control_996,matched_control_996,matched_control,FAM120A,GCCAAGCCTGGACTGAGACC
matched_control_997,matched_control_997,matched_control,FAM120A,GTGAATGTTGTCATGACTTG
matched_control_998,matched_control_998,matched_control,FAM120A,GTGGGTTTACCATAGTCCTC
matched_control_999,matched_control_999,matched_control,FAM120A,GGAAAAGGTGTTCAGCCTCC
matched_control_1002,matched_control_1002,matched_control,FAM120A,GGTGTGTCTGCCAGGCGCAG
matched_control_1003,matched_control_1003,matched_control,FAM120A,GGTCCATCAGCAGTACAGAC
matched_control_1004,matched_control_1004,matched_control,FAM120A,GCATGGATACTCTTCCTTGG
matched_control_1009,matched_control_1009,matched_control,FAM120A,GCAGGACTACAGCCTGCTGC
matched_control_1011,matched_control_1011,matched_control,FAM120A,GCTGCAGCACGCACGGCTGA
matched_control_1019,matched_control_1019,matched_control,FAM120A,GAACAGGGACAGCTGGAGAC
matched_control_1020,matched_control_1020,matched_control,FAM120A,GGGAGGAAAAAGCTGGGAGT
matched_control_1022,matched_control_1022,matched_control,FAM120A,GCATGGAGATGATGGGCACA
matched_control_1032,matched_control_1032,matched_control,FAM120A,GCTGAGTGAGGACACACTCT
matched_control_1036,matched_control_1036,matched_control,FAM120A,GCATGGATACTCTTCCTTGG
matched_control_1040,matched_control_1040,matched_control,FAM120A,GTGCTCATCCCAGCAGCTTC
matched_control_1044,matched_control_1044,matched_control,FAM120A,GTGGCTCTTCCCTTGGGGTC
matched_control_1045,matched_control_1045,matched_control,FAM120A,GCATGGAGATGATGGGCACA
matched_control_1047,matched_control_1047,matched_control,FAM120A,GCACTGACCTAGCTCCAGCA
matched_control_1048,matched_control_1048,matched_control,FAM120A,GAACAGGGACAGCTGGAGAC
matched_control_1049,matched_control_1049,matched_control,FAM120A,GCAGGAAGGAAACGCGCCCC
matched_control_1050,matched_control_1050,matched_control,FAM120A,GAGCAGCTGAGAGACACTTT
matched_control_1052,matched_control_1052,matched_control,FAM120A,GCAGGAAGGAAACGCGCCCC
matched_control_1056,matched_control_1056,matched_control,FAM120A,GCATGGATACTCTTCCTTGG
matched_control_1058,matched_control_1058,matched_control,FAM120A,GCATGGAGATGATGGGCACA
matched_control_1060,matched_control_1060,matched_control,FAM120A,GTGCTCAGAGTTCTCCTGCA
matched_control_1062,matched_control_1062,matched_control,FAM120A,GCATGGAGATGATGGGCACA
matched_control_1064,matched_control_1064,matched_control,FAM120A,GGCCTTTCTAACGCCGCCGT
matched_control_1066,matched_control_1066,matched_control,FAM120A,GCCAAGCCTGGACTGAGACC
matched_control_1070,matched_control_1070,matched_control,FAM120A,GTGCTCAGAGTTCTCCTGCA
matched_control_1074,matched_control_1074,matched_control,FAM120A,GCCAAGCCTGGACTGAGACC
matched_control_1080,matched_control_1080,matched_control,FAM120A,GTGCTCAGAGTTCTCCTGCA
matched_control_1081,matched_control_1081,matched_control,FAM120A,GCATGGATACTCTTCCTTGG
matched_control_1084,matched_control_1084,matched_control,FAM120A,GTGCTCATCCCAGCAGCTTC
matched_control_1087,matched_control_1087,matched_control,FAM120A,GGTCCATCAGCAGTACAGAC
matched_control_1088,matched_control_1088,matched_control,FAM120A,GGACGATCTGCTGTGCCGTC
matched_control_1089,matched_control_1089,matched_control,FAM120A,GAGCCGTGGCCCCGGAACAG
matched_control_1090,matched_control_1090,matched_control,FAM120A,GGGAGGAAAAAGCTGGGAGT
matched_control_1091,matched_control_1091,matched_control,FAM120A,GGGAGGAAAAAGCTGGGAGT
matched_control_1094,matched_control_1094,matched_control,FAM120A,GGAGAGACCGAGCAGACCCT
matched_control_1095,matched_control_1095,matched_control,FAM120A,GGTCCATCAGCAGTACAGAC
matched_control_1096,matched_control_1096,matched_control,FAM120A,GGGAGGAAAAAGCTGGGAGT
matched_control_1101,matched_control_1101,matched_control,FAM120A,GTGGGTTTACCATAGTCCTC
matched_control_1104,matched_control_1104,matched_control,FAM120A,GTGCTCAGAGTTCTCCTGCA
matched_control_1107,matched_control_1107,matched_control,FAM120A,GGCCTTTCTAACGCCGCCGT
matched_control_1109,matched_control_1109,matched_control,FAM120A,GCTGAGTGAGGACACACTCT
matched_control_1110,matched_control_1110,matched_control,FAM120A,GCCTGTGCCCTGGGAGTGGC
matched_control_1111,matched_control_1111,matched_control,FAM120A,GGGAGAAACTGGCTCGGCTC
matched_control_1112,matched_control_1112,matched_control,FAM120A,GGGCCGCCGCCTCCGCCCGG
matched_control_1113,matched_control_1113,matched_control,FAM120A,GTGCTCATCCCAGCAGCTTC
matched_control_1116,matched_control_1116,matched_control,FAM120A,GGCCTTTCTAACGCCGCCGT
matched_control_1117,matched_control_1117,matched_control,FAM120A,GCCAAGCCTGGACTGAGACC
matched_control_1121,matched_control_1121,matched_control,FAM120A,GGAGAGGCGAGCCCGGCCGG
matched_control_1122,matched_control_1122,matched_control,FAM120A,GGCGAGCGCCAGCCCCTCCC
matched_control_1124,matched_control_1124,matched_control,FAM120A,GGAGAGGCGAGCCCGGCCGG
matched_control_1129,matched_control_1129,matched_control,FAM120A,GAGCCGTGGCCCCGGAACAG
matched_control_1131,matched_control_1131,matched_control,FAM120A,GGAGAGGCGAGCCCGGCCGG
matched_control_1132,matched_control_1132,matched_control,FAM120A,GGAGAGGCGAGCCCGGCCGG
matched_control_1133,matched_control_1133,matched_control,FAM120A,GTTTAAAGCCAGGCAGACCT
matched_control_1134,matched_control_1134,matched_control,FAM120A,GTGCTCATCCCAGCAGCTTC
matched_control_1135,matched_control_1135,matched_control,FAM120A,GTCACACAGATCTCCTTACA
matched_control_1137,matched_control_1137,matched_control,FAM120A,GGAGAGACCGAGCAGACCCT
matched_control_1140,matched_control_1140,matched_control,FAM120A,GTCACACAGATCTCCTTACA
matched_control_1142,matched_control_1142,matched_control,FAM120A,GGCGAGCGCCAGCCCCTCCC
matched_control_1145,matched_control_1145,matched_control,FAM120A,GGCCTCTGGCTCTTCCCTTG
matched_control_1147,matched_control_1147,matched_control,FAM120A,GCTGCAGCACGCACGGCTGA
matched_control_1150,matched_control_1150,matched_control,FAM120A,GGCCTCCTCTCCCTACAGGA
matched_control_1154,matched_control_1154,matched_control,FAM120A,GCTGAGTGAGGACACACTCT
matched_control_1159,matched_control_1159,matched_control,FAM120A,GCCTGTAGCTGTCAGCTATG
matched_control_1162,matched_control_1162,matched_control,FAM120A,GGCCTTTCTAACGCCGCCGT
matched_control_1163,matched_control_1163,matched_control,FAM120A,GGAGAGACCGAGCAGACCCT
matched_control_1165,matched_control_1165,matched_control,FAM120A,GCGGCCGGCAGAGTCCCGAT
matched_control_1167,matched_control_1167,matched_control,FAM120A,GCTGAGTGAGGACACACTCT
matched_control_1175,matched_control_1175,matched_control,FAM120A,GCTGCAGCACGCACGGCTGA
matched_control_1176,matched_control_1176,matched_control,FAM120A,GCTGCAGCACGCACGGCTGA
matched_control_1177,matched_control_1177,matched_control,FAM120A,GGCGAGCGCCAGCCCCTCCC
matched_control_1185,matched_control_1185,matched_control,FAM120A,GTCCAGTGTCCAGAGAGGCA
matched_control_1190,matched_control_1190,matched_control,FAM120A,GAAGGCTAGAATGAACCTCA
matched_control_1195,matched_control_1195,matched_control,FAM120A,GACTGTGTCACCTCCAGGGT
matched_control_1196,matched_control_1196,matched_control,FAM120A,GCGCCCACAGTAGGACTGAA
matched_control_1197,matched_control_1197,matched_control,FAM120A,GACTGTGTCACCTCCAGGGT
matched_control_1199,matched_control_1199,matched_control,FAM120A,GCGGCCGGCAGAGTCCCGAT
matched_control_1201,matched_control_1201,matched_control,FAM120A,GTCAGAAAGCCAAGGAAGCA
matched_control_1203,matched_control_1203,matched_control,FAM120A,GTGGCAGCTGTGTGTCTGCC
matched_control_1204,matched_control_1204,matched_control,FAM120A,GGCGAGCGCCAGCCCCTCCC
matched_control_1206,matched_control_1206,matched_control,FAM120A,GCCATCAGCTGTCTTGGTCT
matched_control_1213,matched_control_1213,matched_control,FAM120A,GGGCAGGTGGCGGCGGGAAA
matched_control_1214,matched_control_1214,matched_control,FAM120A,GCCATCAGCTGTCTTGGTCT
matched_control_1215,matched_control_1215,matched_control,FAM120A,GTATGTCCAGGCAGACCGAA
matched_control_1217,matched_control_1217,matched_control,FAM120A,GTCACACAGATCTCCTTACA
matched_control_1218,matched_control_1218,matched_control,FAM120A,GTGCATCCAGGTCAGTCACT
matched_control_1222,matched_control_1222,matched_control,FAM120A,GCCATCAGCTGTCTTGGTCT
matched_control_1224,matched_control_1224,matched_control,FAM120A,GAAGGCTAGAATGAACCTCA
matched_control_1229,matched_control_1229,matched_control,FAM120A,GGCCTCTGGCTCTTCCCTTG
matched_control_1230,matched_control_1230,matched_control,FAM120A,GTTTAAAGCCAGGCAGACCT
matched_control_1236,matched_control_1236,matched_control,FAM120A,GGACGATCTGCTGTGCCGTC
matched_control_1245,matched_control_1245,matched_control,FAM120A,GGGCCGCCGCCTCCGCCCGG
matched_control_1247,matched_control_1247,matched_control,FAM120A,GGACGATCTGCTGTGCCGTC
matched_control_1255,matched_control_1255,matched_control,FAM120A,GGACGATCTGCTGTGCCGTC
matched_control_1258,matched_control_1258,matched_control,FAM120A,GGTCTGCTCGGTCTCTCTCG
matched_control_1261,matched_control_1261,matched_control,FAM120A,GCCTGTAGCTGTCAGCTATG
matched_control_1263,matched_control_1263,matched_control,FAM120A,GTGGCAGGGCCAGGCCGTGC
matched_control_1266,matched_control_1266,matched_control,FAM120A,GCTCTGCTCCCGCCCACAGT
matched_control_1267,matched_control_1267,matched_control,FAM120A,GCCCAGCCTCCAGGCATCTC
matched_control_1270,matched_control_1270,matched_control,FAM120A,GCCATCAGCTGTCTTGGTCT
matched_control_1272,matched_control_1272,matched_control,FAM120A,GACTCGCCGGTTCCTGACGG
matched_control_1276,matched_control_1276,matched_control,FAM120A,GACTGTGTCACCTCCAGGGT
matched_control_1279,matched_control_1279,matched_control,FAM120A,GGGCGGGGGCGGCGGCCTCT
matched_control_1280,matched_control_1280,matched_control,FAM120A,GCCTGTAGCTGTCAGCTATG
matched_control_1281,matched_control_1281,matched_control,FAM120A,GGCCTTTCTAACGCCGCCGT
matched_control_1282,matched_control_1282,matched_control,FAM120A,GTTTAAAGCCAGGCAGACCT
matched_control_1283,matched_control_1283,matched_control,FAM120A,GGCCTCCTCTCCCTACAGGA
matched_control_1290,matched_control_1290,matched_control,FAM120A,GGGCAGGTGGCGGCGGGAAA
matched_control_1291,matched_control_1291,matched_control,FAM120A,GGCCTCCTCTCCCTACAGGA
matched_control_1293,matched_control_1293,matched_control,FAM120A,GGGCCGCCGCCTCCGCCCGG
matched_control_1296,matched_control_1296,matched_control,FAM120A,GACTGTGTCACCTCCAGGGT
matched_control_1302,matched_control_1302,matched_control,FAM120A,GCCTGTAGCTGTCAGCTATG
matched_control_1311,matched_control_1311,matched_control,FAM120A,GGGCGGGGGCGGCGGCCTCT
matched_control_1312,matched_control_1312,matched_control,FAM120A,GTGGGTTTACCATAGTCCTC
matched_control_1313,matched_control_1313,matched_control,FAM120A,GGGCAGGTGGCGGCGGGAAA
matched_control_1321,matched_control_1321,matched_control,FAM120A,GTGGCAGGGCCAGGCCGTGC
matched_control_1323,matched_control_1323,matched_control,FAM120A,GTCCAGTGTCCAGAGAGGCA
matched_control_1324,matched_control_1324,matched_control,FAM120A,GCTGAGTGAGGACACACTCT
matched_control_1325,matched_control_1325,matched_control,FAM120A,GCATGGGGGCACCACCTGAA
matched_control_1326,matched_control_1326,matched_control,FAM120A,GGGCGGGGGCGGCGGCCTCT
matched_control_1327,matched_control_1327,matched_control,FAM120A,GGGCGGGGGCGGCGGCCTCT
matched_control_1335,matched_control_1335,matched_control,FAM120A,GTCAGAAAGCCAAGGAAGCA
matched_control_1336,matched_control_1336,matched_control,FAM120A,GCACAGAGAACCGGCTTCAA
matched_control_1340,matched_control_1340,matched_control,FAM120A,GTGGCAGGGCCAGGCCGTGC
matched_control_1344,matched_control_1344,matched_control,FAM120A,GGGCAGGTGGCGGCGGGAAA
matched_control_1345,matched_control_1345,matched_control,FAM120A,GCACAGAGAACCGGCTTCAA
matched_control_1346,matched_control_1346,matched_control,FAM120A,GCGCGGCTCGGGGCTCCCGG
matched_control_1352,matched_control_1352,matched_control,FAM120A,GCCGCCCACAGTAGGACTGA
matched_control_1358,matched_control_1358,matched_control,FAM120A,GTCAGAAAGCCAAGGAAGCA
matched_control_1365,matched_control_1365,matched_control,FAM120A,GCACAGAGAACCGGCTTCAA
matched_control_1367,matched_control_1367,matched_control,FAM120A,GTCCCAGGATTGGAACACAG
matched_control_1368,matched_control_1368,matched_control,FAM120A,GTGGCAGGGCCAGGCCGTGC
matched_control_1377,matched_control_1377,matched_control,FAM120A,GCATGGGGGCACCACCTGAA
matched_control_1386,matched_control_1386,matched_control,FAM120A,GCCCAGCCTCCAGGCATCTC
matched_control_1387,matched_control_1387,matched_control,FAM120A,GGTTGTCGGCGTCCACCAGC
matched_control_1389,matched_control_1389,matched_control,FAM120A,GCGCGGCTCGGGGCTCCCGG
matched_control_1392,matched_control_1392,matched_control,FAM120A,GTTCTCTGCAGCCTGATATG
matched_control_1393,matched_control_1393,matched_control,FAM120A,GTTTAAAGCCAGGCAGACCT
matched_control_1394,matched_control_1394,matched_control,FAM120A,GTCCACCAGCAGGCGCAGCG
matched_control_1397,matched_control_1397,matched_control,FAM120A,GTCAGAAAGCCAAGGAAGCA
matched_control_1398,matched_control_1398,matched_control,FAM120A,GACAGATCCAGTGTCCAGAG
matched_control_1406,matched_control_1406,matched_control,FAM120A,GGTTGTCGGCGTCCACCAGC
matched_control_1407,matched_control_1407,matched_control,FAM120A,GCATGGGGGCACCACCTGAA
matched_control_1410,matched_control_1410,matched_control,FAM120A,GCATGGGGGCACCACCTGAA
matched_control_1413,matched_control_1413,matched_control,FAM120A,GAAGGCTAGAATGAACCTCA
matched_control_1419,matched_control_1419,matched_control,FAM120A,GTCACACAGATCTCCTTACA
matched_control_1420,matched_control_1420,matched_control,FAM120A,GTTCTCTGCAGCCTGATATG
matched_control_1425,matched_control_1425,matched_control,FAM120A,GCCCAGGATTGGAACACAGT
matched_control_1429,matched_control_1429,matched_control,FAM120A,GGCCTCCGCCCGGTGGTTCT
matched_control_1436,matched_control_1436,matched_control,FAM120A,GCACAGAGAACCGGCTTCAA
matched_control_1439,matched_control_1439,matched_control,FAM120A,GTTCTCTGCAGCCTGATATG
matched_control_1444,matched_control_1444,matched_control,FAM120A,GTTCTCTGCAGCCTGATATG
matched_control_1447,matched_control_1447,matched_control,FAM120A,GAAGGCTAGAATGAACCTCA
matched_control_1450,matched_control_1450,matched_control,FAM120A,GCTCTGCTCCCGCCCACAGT
matched_control_1456,matched_control_1456,matched_control,FAM120A,GCGCGGCTCGGGGCTCCCGG
matched_control_1459,matched_control_1459,matched_control,FAM120A,GGCAGGATGCAGCACCACAC
matched_control_1461,matched_control_1461,matched_control,FAM120A,GCCAGCCTCCAGGCATCTCC
matched_control_1467,matched_control_1467,matched_control,FAM120A,GCGCGGCTCGGGGCTCCCGG
matched_control_1469,matched_control_1469,matched_control,FAM120A,GCTGCCTCCTCCTGTGCCCT
matched_control_1471,matched_control_1471,matched_control,FAM120A,GACAGAAACAATGGAAGATC
matched_control_1473,matched_control_1473,matched_control,FAM120A,GCCCAGCCTCCAGGCATCTC
matched_control_1474,matched_control_1474,matched_control,FAM120A,GGATGCCCAAGAGCAAAGCA
matched_control_1477,matched_control_1477,matched_control,FAM120A,GTCCAGTGTCCAGAGAGGCA
matched_control_1478,matched_control_1478,matched_control,FAM120A,GCTGCTGTGTGTTCCAACCC
matched_control_1480,matched_control_1480,matched_control,FAM120A,GCAGTGTTGCATGAGAGAAA
matched_control_1481,matched_control_1481,matched_control,FAM120A,GCAGATACTGGTGCTTCTGT
matched_control_1486,matched_control_1486,matched_control,FAM120A,GTCCACTCTTTCTGCCCTAG
matched_control_1489,matched_control_1489,matched_control,FAM120A,GCTGCCTCCTCCTGTGCCCT
matched_control_1494,matched_control_1494,matched_control,FAM120A,GCAGATACTGGTGCTTCTGT
matched_control_1496,matched_control_1496,matched_control,FAM120A,GCTGCCTCCTCCTGTGCCCT
matched_control_1507,matched_control_1507,matched_control,FAM120A,GTGTGAAAGAGACCACATGG
matched_control_1509,matched_control_1509,matched_control,FAM120A,GCAGTGTTGCATGAGAGAAA
matched_control_1512,matched_control_1512,matched_control,FAM120A,GCTGCCTCCTCCTGTGCCCT
matched_control_1520,matched_control_1520,matched_control,FAM120A,GCAGTGTTGCATGAGAGAAA
matched_control_1523,matched_control_1523,matched_control,FAM120A,GAGATACTGGTGCTTCTGTA
matched_control_1525,matched_control_1525,matched_control,FAM120A,GGCAGGATGCAGCACCACAC
matched_control_1527,matched_control_1527,matched_control,FAM120A,GCAGTGTTGCATGAGAGAAA
matched_control_1528,matched_control_1528,matched_control,FAM120A,GCATGGGGGCACCACCTGAA
matched_control_1530,matched_control_1530,matched_control,FAM120A,GTCCACTCTTTCTGCCCTAG
matched_control_1534,matched_control_1534,matched_control,FAM120A,GGCAGGATGCAGCACCACAC
matched_control_1535,matched_control_1535,matched_control,FAM120A,GTGGGTTTACCATAGTCCTC
matched_control_1538,matched_control_1538,matched_control,FAM120A,GTGTGAAAGAGACCACATGG
matched_control_1542,matched_control_1542,matched_control,FAM120A,GCTGCTGTGTGTTCCAACCC
matched_control_1544,matched_control_1544,matched_control,FAM120A,GTCCACTCTTTCTGCCCTAG
matched_control_1553,matched_control_1553,matched_control,FAM120A,GGCAGGATGCAGCACCACAC
matched_control_1556,matched_control_1556,matched_control,FAM120A,GCTGCTGTGTGTTCCAACCC
matched_control_1560,matched_control_1560,matched_control,FAM120A,GGATGCCCAAGAGCAAAGCA
matched_control_1563,matched_control_1563,matched_control,FAM120A,GGGACGCGGCTCGGGGCTCC
matched_control_1566,matched_control_1566,matched_control,FAM120A,GACAGAAACAATGGAAGATC
matched_control_1567,matched_control_1567,matched_control,FAM120A,GTCCACTCTTTCTGCCCTAG
matched_control_1569,matched_control_1569,matched_control,FAM120A,GCCCTGCACCAGCAGGGCCC
matched_control_1571,matched_control_1571,matched_control,FAM120A,GTGTGAAAGAGACCACATGG
matched_control_1572,matched_control_1572,matched_control,FAM120A,GCTGAGTGAGGACACACTCT
matched_control_1574,matched_control_1574,matched_control,FAM120A,GACAGAAACAATGGAAGATC
matched_control_1577,matched_control_1577,matched_control,FAM120A,GCCCAGCCTCCAGGCATCTC
matched_control_1579,matched_control_1579,matched_control,FAM120A,GCTCTGCTCCCGCCCACAGT
matched_control_1582,matched_control_1582,matched_control,FAM120A,GCATGGGGGCACCACCTGAA
matched_control_1595,matched_control_1595,matched_control,FAM120A,GCTGCTGTGTGTTCCAACCC
matched_control_1596,matched_control_1596,matched_control,FAM120A,GGATGCCCAAGAGCAAAGCA
matched_control_1601,matched_control_1601,matched_control,FAM120A,GCCCTGCACCAGCAGGGCCC
matched_control_1603,matched_control_1603,matched_control,FAM120A,GCCCAGCCTCCAGGCATCTC
matched_control_1607,matched_control_1607,matched_control,FAM120A,GACAGAAACAATGGAAGATC
matched_control_1613,matched_control_1613,matched_control,FAM120A,GGATGCCCAAGAGCAAAGCA
matched_control_1617,matched_control_1617,matched_control,FAM120A,GCCCTGCACCAGCAGGGCCC
matched_control_1618,matched_control_1618,matched_control,FAM120A,GTTTAAAGCCAGGCAGACCT
matched_control_1619,matched_control_1619,matched_control,FAM120A,GTGGGGCCTCCTCTCCCTAT
matched_control_1620,matched_control_1620,matched_control,FAM120A,GCCCTGCACCAGCAGGGCCC
matched_control_1624,matched_control_1624,matched_control,FAM120A,GCCCTGCACCAGCAGGGCCC
matched_control_1625,matched_control_1625,matched_control,FAM120A,GGCCTCCTCTCCCTATAGGA
matched_control_1627,matched_control_1627,matched_control,FAM120A,GGCGAGCGCCAGCCCCTCCC
matched_control_1631,matched_control_1631,matched_control,FAM120A,GGCACTCAGCTGACTCAGGC
matched_control_1632,matched_control_1632,matched_control,FAM120A,GCCCTGCACCAGCAGGGCCC
matched_control_1633,matched_control_1633,matched_control,FAM120A,GGCCTCCTCTCCCTATAGGA
matched_control_1634,matched_control_1634,matched_control,FAM120A,GGCCTCCTCTCCCTATAGGA
matched_control_1637,matched_control_1637,matched_control,FAM120A,GCATGGGGGCACCACCTGAA
matched_control_1638,matched_control_1638,matched_control,FAM120A,GCAGAGCCCACTGCAGGCTC
matched_control_1639,matched_control_1639,matched_control,FAM120A,GGCACTCAGCTGACTCAGGC
matched_control_1643,matched_control_1643,matched_control,FAM120A,GCATGGGGGCACCACCTGAA
matched_control_1644,matched_control_1644,matched_control,FAM120A,GCAGAGCCCACTGCAGGCTC
matched_control_1646,matched_control_1646,matched_control,FAM120A,GCATGGGGGCACCACCTGAA
matched_control_1649,matched_control_1649,matched_control,FAM120A,GCATGGGGGCACCACCTGAA
matched_control_1655,matched_control_1655,matched_control,FAM120A,GGCGCTTTGAAGGGGAGCCG
matched_control_1658,matched_control_1658,matched_control,FAM120A,GGACGGCGGCGTTAGAAAGG
matched_control_1661,matched_control_1661,matched_control,FAM120A,GGACGGCGGCGTTAGAAAGG
matched_control_1662,matched_control_1662,matched_control,FAM120A,GTTAGCTTAACTAGAGCATG
matched_control_1666,matched_control_1666,matched_control,FAM120A,GTTAGCTTAACTAGAGCATG
matched_control_1667,matched_control_1667,matched_control,FAM120A,GTTACGCTCTATTAGGGAGA
matched_control_1669,matched_control_1669,matched_control,FAM120A,GTTAGCTTAACTAGAGCATG
matched_control_1672,matched_control_1672,matched_control,FAM120A,GTTACGCTCTATTAGGGAGA
matched_control_1673,matched_control_1673,matched_control,FAM120A,GTTACGCTCTATTAGGGAGA
matched_control_1674,matched_control_1674,matched_control,FAM120A,GCCCTCTCCCTCAGAAGAGC
matched_control_1675,matched_control_1675,matched_control,FAM120A,GCCCTCTCCCTCAGAAGAGC
matched_control_1676,matched_control_1676,matched_control,FAM120A,GCCCTCTCCCTCAGAAGAGC
matched_control_1680,matched_control_1680,matched_control,FAM120A,GCCCTCTCCCTCAGAAGAGC
matched_control_1697,matched_control_1697,matched_control,FAM120A,GTTCCAATCCTGGGATCAAG
matched_control_1699,matched_control_1699,matched_control,FAM120A,GTTCCAATCCTGGGATCAAG
matched_control_1700,matched_control_1700,matched_control,FAM120A,GTTCCAATCCTGGGATCAAG
matched_control_1701,matched_control_1701,matched_control,FAM120A,GTTCCAATCCTGGGATCAAG
matched_control_1711,matched_control_1711,matched_control,FAM120A,GCAGGAGAATGGTGTGAACC
matched_control_1713,matched_control_1713,matched_control,FAM120A,GCAGGAGAATGGTGTGAACC
matched_control_1714,matched_control_1714,matched_control,FAM120A,GCAGGAGAATGGTGTGAACC
matched_control_1715,matched_control_1715,matched_control,FAM120A,GCAGGAGAATGGTGTGAACC
matched_control_1727,matched_control_1727,matched_control,FAM120A,GGTGGGGCTTTGAAATGCAG
matched_control_1744,matched_control_1744,matched_control,FAM120A,GGTGGGGCTTTGAAATGCAG
matched_control_1745,matched_control_1745,matched_control,FAM120A,GATCCCAGCACTCTGGAAGG
matched_control_1746,matched_control_1746,matched_control,FAM120A,GGTGGGGCTTTGAAATGCAG
matched_control_1755,matched_control_1755,matched_control,FAM120A,GATCCCAGCACTCTGGAAGG
matched_control_1763,matched_control_1763,matched_control,FAM120A,GGTGGGGCTTTGAAATGCAG
matched_control_1774,matched_control_1774,matched_control,FAM120A,GGGAGTAACCAGACAGCTTG
matched_control_1775,matched_control_1775,matched_control,FAM120A,GGGAGTAACCAGACAGCTTG
matched_control_1776,matched_control_1776,matched_control,FAM120A,GGGAGTAACCAGACAGCTTG
matched_control_1779,matched_control_1779,matched_control,FAM120A,GGGAGTAACCAGACAGCTTG
matched_control_1782,matched_control_1782,matched_control,FAM120A,GATCCCAGCACTCTGGAAGG
matched_control_1797,matched_control_1797,matched_control,FAM120A,GATCCCAGCACTCTGGAAGG
matched_control_1852,matched_control_1852,matched_control,FAM120A,GGTGGCTTAGGAGGAATCCC
matched_control_1854,matched_control_1854,matched_control,FAM120A,GGTGGCTTAGGAGGAATCCC
matched_control_1855,matched_control_1855,matched_control,FAM120A,GGTGGCTTAGGAGGAATCCC
matched_control_1858,matched_control_1858,matched_control,FAM120A,GGTGGCTTAGGAGGAATCCC
matched_control_1894,matched_control_1894,matched_control,FAM120A,GCCAAGGAATGCCCGCAGCC
matched_control_1904,matched_control_1904,matched_control,FAM120A,GCCAAGGAATGCCCGCAGCC
matched_control_1906,matched_control_1906,matched_control,FAM120A,GGTGGCTTAGGAGGAATCCC
matched_control_1908,matched_control_1908,matched_control,FAM120A,GTCCTCAAAGGGGACTTCAA
matched_control_1911,matched_control_1911,matched_control,FAM120A,GTCCTCAAAGGGGACTTCAA
matched_control_1912,matched_control_1912,matched_control,FAM120A,GGAGAAGTGAGCCCTGACTC
matched_control_1913,matched_control_1913,matched_control,FAM120A,GGAGAAGTGAGCCCTGACTC
matched_control_1914,matched_control_1914,matched_control,FAM120A,GGAGAAGTGAGCCCTGACTC
matched_control_1915,matched_control_1915,matched_control,FAM120A,GGAGAAGTGAGCCCTGACTC
matched_control_1923,matched_control_1923,matched_control,FAM120A,GACCTGCGCGGTGGCGGACG
matched_control_1924,matched_control_1924,matched_control,FAM120A,GACCTGCGCGGTGGCGGACG
matched_control_1925,matched_control_1925,matched_control,FAM120A,GACCTGCGCGGTGGCGGACG
matched_control_1926,matched_control_1926,matched_control,FAM120A,GACCTGCGCGGTGGCGGACG
FAM120A_5bp_indel_12_TSS_synthetic_indel_NA.1,FAM120A_5bp_indel_12_TSS_synthetic_indel_NA,TSS_synthetic_indel,FAM120A,GCGGGTCGGGGGCGCGCTCA
FAM120A_5bp_indel_12_TSS_synthetic_indel_NA.2,FAM120A_5bp_indel_12_TSS_synthetic_indel_NA,TSS_synthetic_indel,FAM120A,GCGGGTCGGGGGCGCGCTCA
FAM120A_5bp_indel_13_TSS_synthetic_indel_NA.1,FAM120A_5bp_indel_13_TSS_synthetic_indel_NA,TSS_synthetic_indel,FAM120A,GAGGCCGAGGCCGAGGCTGA
FAM120A_5bp_indel_13_TSS_synthetic_indel_NA.2,FAM120A_5bp_indel_13_TSS_synthetic_indel_NA,TSS_synthetic_indel,FAM120A,GAGGCCGAGGCCGAGGCTGA
FAM120A_5bp_indel_15_TSS_synthetic_indel_NA.1,FAM120A_5bp_indel_15_TSS_synthetic_indel_NA,TSS_synthetic_indel,FAM120A,GAGGCCGAGGCCGAGGCTGA
FAM120A_5bp_indel_15_TSS_synthetic_indel_NA.2,FAM120A_5bp_indel_15_TSS_synthetic_indel_NA,TSS_synthetic_indel,FAM120A,GAGGCCGAGGCCGAGGCTGA
FAM120A_5bp_indel_20_TSS_synthetic_indel_NA.1,FAM120A_5bp_indel_20_TSS_synthetic_indel_NA,TSS_synthetic_indel,FAM120A,GGCAGGTCCCTCCCCAGACA
FAM120A_5bp_indel_20_TSS_synthetic_indel_NA.2,FAM120A_5bp_indel_20_TSS_synthetic_indel_NA,TSS_synthetic_indel,FAM120A,GGCAGGTCCCTCCCCAGACA
FAM120A_5bp_indel_25_TSS_synthetic_indel_NA.1,FAM120A_5bp_indel_25_TSS_synthetic_indel_NA,TSS_synthetic_indel,FAM120A,GCAGACATGGCCCTGGGAGG
FAM120A_5bp_indel_25_TSS_synthetic_indel_NA.2,FAM120A_5bp_indel_25_TSS_synthetic_indel_NA,TSS_synthetic_indel,FAM120A,GCAGACATGGCCCTGGGAGG
FAM120A_5bp_indel_28_TSS_synthetic_indel_NA.1,FAM120A_5bp_indel_28_TSS_synthetic_indel_NA,TSS_synthetic_indel,FAM120A,GGCAGGTCCCTCCCCAGACA
FAM120A_5bp_indel_28_TSS_synthetic_indel_NA.2,FAM120A_5bp_indel_28_TSS_synthetic_indel_NA,TSS_synthetic_indel,FAM120A,GGCAGGTCCCTCCCCAGACA
FAM120A_5bp_indel_29_TSS_synthetic_indel_NA.1,FAM120A_5bp_indel_29_TSS_synthetic_indel_NA,TSS_synthetic_indel,FAM120A,GAGGCCGAGGCCGAGGCTGA
FAM120A_5bp_indel_29_TSS_synthetic_indel_NA.2,FAM120A_5bp_indel_29_TSS_synthetic_indel_NA,TSS_synthetic_indel,FAM120A,GAGGCCGAGGCTGAGGGCCG
FAM120A_5bp_indel_31_TSS_synthetic_indel_NA.1,FAM120A_5bp_indel_31_TSS_synthetic_indel_NA,TSS_synthetic_indel,FAM120A,GGCCTGGGCGGCGTCCGCGC
FAM120A_5bp_indel_31_TSS_synthetic_indel_NA.2,FAM120A_5bp_indel_31_TSS_synthetic_indel_NA,TSS_synthetic_indel,FAM120A,GCCTGGGCGGCGTCCGCGCC
FAM120A_5bp_indel_32_TSS_synthetic_indel_NA.1,FAM120A_5bp_indel_32_TSS_synthetic_indel_NA,TSS_synthetic_indel,FAM120A,GGCAGGTCCCTCCCCAGACA
FAM120A_5bp_indel_32_TSS_synthetic_indel_NA.2,FAM120A_5bp_indel_32_TSS_synthetic_indel_NA,TSS_synthetic_indel,FAM120A,GGCAGGTCCCTCCCCAGACA
FAM120A_5bp_indel_4_TSS_synthetic_indel_NA.1,FAM120A_5bp_indel_4_TSS_synthetic_indel_NA,TSS_synthetic_indel,FAM120A,GGCAGGTCCCTCCCCAGACA
FAM120A_5bp_indel_4_TSS_synthetic_indel_NA.2,FAM120A_5bp_indel_4_TSS_synthetic_indel_NA,TSS_synthetic_indel,FAM120A,GGCAGGTCCCTCCCCAGACA
rs571684412_snv_A_G.1,rs571684412_snv_A_G,snv,FAM120A,GAGACAATGGATAGCGGCTC
rs10761235_snv_C_T.1,rs10761235_snv_C_T,snv,FAM120A,GGACACACTCTGGGGCCCCG
rs571684412_snv_A_G.2,rs571684412_snv_A_G,snv,FAM120A,GAGACAATGGATAGCGGCTC
rs10761235_snv_C_T.2,rs10761235_snv_C_T,snv,FAM120A,GGACACACTCTGGGGCCCCG
rs571684412_snv_A_G.3,rs571684412_snv_A_G,snv,FAM120A,GAGACAATGGATAGCGGCTC
rs571684412_snv_A_G.4,rs571684412_snv_A_G,snv,FAM120A,GAGACAATGGATAGCGGCTC
rs10761235_snv_C_T.3,rs10761235_snv_C_T,snv,FAM120A,GGACACACTCTGGGGCCCCG
rs1587649687_snv_C_G.1,rs1587649687_snv_C_G,snv,FAM120A,GGCTAGCCTCGCTCACTCCA
rs1587649687_snv_C_G.2,rs1587649687_snv_C_G,snv,FAM120A,GGCTAGCCTCGCTCACTCCA
rs10761235_snv_C_T.4,rs10761235_snv_C_T,snv,FAM120A,GGACACACTCTGGGGCCCCG
rs1587649687_snv_C_G.3,rs1587649687_snv_C_G,snv,FAM120A,GGCTAGCCTCGCTCACTCCA
rs571684412_snv_A_C.1,rs571684412_snv_A_C,snv,FAM120A,GAGACAATGGATAGCGGCTC
rs1587649687_snv_C_G.4,rs1587649687_snv_C_G,snv,FAM120A,GGCTAGCCTCGCTCACTCCA
rs148504862_snv_A_C.1,rs148504862_snv_A_C,snv,FAM120A,GTCGGAGCCTGGGGCGCTCA
rs148504862_snv_A_C.2,rs148504862_snv_A_C,snv,FAM120A,GTCGGAGCCTGGGGCGCTCA
rs5899177_delins_A_AA.1,rs5899177_delins_A_AA,common_insertion,FAM120A,GGAGAAGTGAGCCCTGACTC
rs148504862_snv_A_C.3,rs148504862_snv_A_C,snv,FAM120A,GATCGGAGCCTGGGGCGCTC
rs5899177_delins_A_AA.2,rs5899177_delins_A_AA,common_insertion,FAM120A,GGAGAAGTGAGCCCTGACTC
rs148504862_snv_A_C.4,rs148504862_snv_A_C,snv,FAM120A,GATCGGAGCCTGGGGCGCTC
rs571684412_snv_A_C.2,rs571684412_snv_A_C,snv,FAM120A,GAGACAATGGATAGCGGCTC
rs1587729255_snv_A_G.1,rs1587729255_snv_A_G,snv,FAM120A,GCAGGTGGAGTGAGCTCTCC
rs571684412_snv_A_C.3,rs571684412_snv_A_C,snv,FAM120A,GAGACAATGGATAGCGGCTC
rs1587729255_snv_A_G.2,rs1587729255_snv_A_G,snv,FAM120A,GCAGGTGGAGTGAGCTCTCC
rs1587729255_snv_A_G.3,rs1587729255_snv_A_G,snv,FAM120A,GCAGGTGGAGTGAGCTCTCC
rs959100196_snv_A_G.1,rs959100196_snv_A_G,snv,FAM120A,GAGACAGGCACCATGCACAG
rs5899177_delins_A_AA.3,rs5899177_delins_A_AA,common_insertion,FAM120A,GGAGAAGTGAGCCCTGACTC
rs372629307_snv_G_T.1,rs372629307_snv_G_T,snv,FAM120A,GGGACAGACCACTACACTCT
rs372629307_snv_G_T.2,rs372629307_snv_G_T,snv,FAM120A,GGGACAGACCACTACACTCT
rs571684412_snv_A_C.4,rs571684412_snv_A_C,snv,FAM120A,GAGACAATGGATAGCGGCTC
rs5899177_delins_A_AA.4,rs5899177_delins_A_AA,common_insertion,FAM120A,GGAGAAGTGAGCCCTGACTC
rs1282953635_snv_A_C.1,rs1282953635_snv_A_C,snv,FAM120A,GTGAATGTTGTCATGACTTG
rs372629307_snv_G_T.3,rs372629307_snv_G_T,snv,FAM120A,GGGACAGACCACTACACTCT
rs1587729255_snv_A_G.4,rs1587729255_snv_A_G,snv,FAM120A,GCAGGTGGAGTGAGCTCTCC
rs372629307_snv_G_T.4,rs372629307_snv_G_T,snv,FAM120A,GGGACAGACCACTACACTCT
rs143143258_snv_C_T.1,rs143143258_snv_C_T,snv,FAM120A,GAGAGGAGGCCCCGTAGAGC
rs959100196_snv_A_G.2,rs959100196_snv_A_G,snv,FAM120A,GAGACAGGCACCATGCACAG
rs143143258_snv_C_T.2,rs143143258_snv_C_T,snv,FAM120A,GAGAGGAGGCCCCGTAGAGC
rs959100196_snv_A_G.3,rs959100196_snv_A_G,snv,FAM120A,GAGACAGGCACCATGCACAG
rs959100196_snv_A_G.4,rs959100196_snv_A_G,snv,FAM120A,GAGACAGGCACCATGCACAG
rs143143258_snv_C_T.3,rs143143258_snv_C_T,snv,FAM120A,GAGAGGAGGCCCCGTAGAGC
rs1588859453_snv_C_T.1,rs1588859453_snv_C_T,snv,FAM120A,GTGTGAAAGAGACCACATGG
rs1588859453_snv_C_T.2,rs1588859453_snv_C_T,snv,FAM120A,GTGTGAAAGAGACCACATGG
rs1587649687_snv_A_G.1,rs1587649687_snv_A_G,snv,FAM120A,GGCTAGCCTCGCTCACTCCA
rs143143258_snv_C_T.4,rs143143258_snv_C_T,snv,FAM120A,GAGAGGAGGCCCCGTAGAGC
rs1282953635_snv_A_C.2,rs1282953635_snv_A_C,snv,FAM120A,GTGAATGTTGTCATGACTTG
rs887939459_snv_C_G.1,rs887939459_snv_C_G,snv,FAM120A,GACCCAGAATAACCACCGGG
rs1587649687_snv_A_G.2,rs1587649687_snv_A_G,snv,FAM120A,GGCTAGCCTCGCTCACTCCA
rs1587649687_snv_A_G.3,rs1587649687_snv_A_G,snv,FAM120A,GGCTAGCCTCGCTCACTCCA
rs4743925_snv_C_G.1,rs4743925_snv_C_G,snv,FAM120A,GGACGTCAGGGAGCTCATCC
rs4743925_snv_C_G.2,rs4743925_snv_C_G,snv,FAM120A,GGACGTCAGGGAGCTCATCC
rs1282953635_snv_A_C.3,rs1282953635_snv_A_C,snv,FAM120A,GTGAATGTTGTCATGACTTG
rs965602214_snv_A_G.1,rs965602214_snv_A_G,snv,FAM120A,GCCCAGCCTCCAGGCATCTC
rs1587649687_snv_A_G.4,rs1587649687_snv_A_G,snv,FAM120A,GGCTAGCCTCGCTCACTCCA
rs965602214_snv_A_G.2,rs965602214_snv_A_G,snv,FAM120A,GCCCAGCCTCCAGGCATCTC
rs1588859453_snv_C_T.3,rs1588859453_snv_C_T,snv,FAM120A,GTGTGAAAGAGACCACATGG
rs887939459_snv_C_G.2,rs887939459_snv_C_G,snv,FAM120A,GACCCAGAATAACCACCGGG
rs571772754_snv_A_C.1,rs571772754_snv_A_C,snv,FAM120A,GCAGAGGCTGGGCTTGGGAC
rs4743925_snv_C_T.1,rs4743925_snv_C_T,snv,FAM120A,GGACGTCAGGGAGCTCATCC
rs113343659_snv_C_T.1,rs113343659_snv_C_T,snv,FAM120A,GGGCGGCGCTGGAGACCCGG
rs6479502_snv_A_G.1,rs6479502_snv_A_G,snv,FAM120A,GACTACAGCCTGCTGCTGGT
rs4743925_snv_C_T.2,rs4743925_snv_C_T,snv,FAM120A,GGACGTCAGGGAGCTCATCC
rs7870048_snv_A_G.1,rs7870048_snv_A_G,snv,FAM120A,GTCACAGAGTGAGTAGACTG
rs112378964_snv_C_T.1,rs112378964_snv_C_T,snv,FAM120A,GCCTGGGGCCACCGTCACAG
rs6479502_snv_C_G.1,rs6479502_snv_C_G,snv,FAM120A,GACTACAGCCTGCTGCTGGT
rs4743925_snv_C_T.3,rs4743925_snv_C_T,snv,FAM120A,GGACGTCAGGGAGCTCATCC
rs1378522108_snv_A_C.1,rs1378522108_snv_A_C,snv,FAM120A,GGAGAATGCAGTTCCGCGGC
rs6479502_snv_A_G.2,rs6479502_snv_A_G,snv,FAM120A,GACTACAGCCTGCTGCTGGT
rs4743925_snv_C_T.4,rs4743925_snv_C_T,snv,FAM120A,GGACGTCAGGGAGCTCATCC
rs887939459_snv_C_G.3,rs887939459_snv_C_G,snv,FAM120A,GACCCAGAATAACCACCGGG
rs6479502_snv_C_G.2,rs6479502_snv_C_G,snv,FAM120A,GACTACAGCCTGCTGCTGGT
rs1378522108_snv_A_C.2,rs1378522108_snv_A_C,snv,FAM120A,GGAGAATGCAGTTCCGCGGC
rs116030296_snv_A_G.1,rs116030296_snv_A_G,snv,FAM120A,GTAGAATGTGACCAGCCTTG
rs4743925_snv_C_G.3,rs4743925_snv_C_G,snv,FAM120A,GGACGTCAGGGAGCTCATCC
rs4743925_snv_C_G.4,rs4743925_snv_C_G,snv,FAM120A,GGACGTCAGGGAGCTCATCC
rs113343659_snv_C_T.2,rs113343659_snv_C_T,snv,FAM120A,GGGCGGCGCTGGAGACCCGG
rs116030296_snv_A_G.2,rs116030296_snv_A_G,snv,FAM120A,GTAGAATGTGACCAGCCTTG
rs1588859453_snv_C_T.4,rs1588859453_snv_C_T,snv,FAM120A,GTGTGAAAGAGACCACATGG
rs116030296_snv_A_G.3,rs116030296_snv_A_G,snv,FAM120A,GTAGAATGTGACCAGCCTTG
rs75704756_snv_A_G.1,rs75704756_snv_A_G,snv,FAM120A,GCCGGCTCTGGGTCCAGCCG
rs57055893_snv_C_T.1,rs57055893_snv_C_T,snv,FAM120A,GCTGTCACATCTGACTCCAC
rs79629992_snv_A_G.1,rs79629992_snv_A_G,snv,FAM120A,GAACAGGGACAGCTGGAGAC
rs79534420_snv_A_G.1,rs79534420_snv_A_G,snv,FAM120A,GCACTGTCTACAGGTAGCAG
rs79629992_snv_A_G.2,rs79629992_snv_A_G,snv,FAM120A,GAACAGGGACAGCTGGAGAC
rs774916825_snv_A_G.1,rs774916825_snv_A_G,snv,FAM120A,GGGGCTTGTAACCTGGAGAT
rs571772754_snv_A_C.2,rs571772754_snv_A_C,snv,FAM120A,GAGCTGAGCCTGCAGAGCAT
rs571772754_snv_A_C.3,rs571772754_snv_A_C,snv,FAM120A,GAGCTGAGCCTGCAGAGCAT
rs544373219_snv_C_T.1,rs544373219_snv_C_T,snv,FAM120A,GTGTGAAAGAGACCACATGG
rs7870048_snv_A_G.2,rs7870048_snv_A_G,snv,FAM120A,GTCACAGAGTGAGTAGACTG
rs57055893_snv_C_T.2,rs57055893_snv_C_T,snv,FAM120A,GCTGTCACATCTGACTCCAC
rs113343659_snv_C_T.3,rs113343659_snv_C_T,snv,FAM120A,GGGCGGCGCTGGAGACCCGG
rs571772754_snv_A_C.4,rs571772754_snv_A_C,snv,FAM120A,GAGCTGAGCCTGCAGAGCAT
rs774916825_snv_A_G.2,rs774916825_snv_A_G,snv,FAM120A,GGGGCTTGTAACCTGGAGAT
rs544373219_snv_C_T.2,rs544373219_snv_C_T,snv,FAM120A,GTGTGAAAGAGACCACATGG
rs79534420_snv_A_G.2,rs79534420_snv_A_G,snv,FAM120A,GCACTGTCTACAGGTAGCAG
rs7870048_snv_A_G.3,rs7870048_snv_A_G,snv,FAM120A,GTCACAGAGTGAGTAGACTG
rs1587649346_snv_A_C.1,rs1587649346_snv_A_C,snv,FAM120A,GCAGGAAGGAAACGCGCCCC
rs113343659_snv_C_T.4,rs113343659_snv_C_T,snv,FAM120A,GTCCGGCGGCGCTGGAGACC
rs116030296_snv_A_G.4,rs116030296_snv_A_G,snv,FAM120A,GTAGAATGTGACCAGCCTTG
rs369034665_snv_C_T.1,rs369034665_snv_C_T,snv,FAM120A,GGACACACTCTGGGGCCCCG
rs1282953635_snv_A_G.1,rs1282953635_snv_A_G,snv,FAM120A,GTGAATGTTGTCATGACTTG
rs7870048_snv_A_G.4,rs7870048_snv_A_G,snv,FAM120A,GTCACAGAGTGAGTAGACTG
rs1378522108_snv_A_C.3,rs1378522108_snv_A_C,snv,FAM120A,GGAGAATGCAGTTCCGCGGC
rs774916825_snv_A_G.3,rs774916825_snv_A_G,snv,FAM120A,GGGGCTTGTAACCTGGAGAT
rs6479502_snv_G_T.1,rs6479502_snv_G_T,snv,FAM120A,GACTACAGCCTGCTGCTGGT
rs79629992_snv_A_G.3,rs79629992_snv_A_G,snv,FAM120A,GAACAGGGACAGCTGGAGAC
rs79534420_snv_A_G.3,rs79534420_snv_A_G,snv,FAM120A,GCACTGTCTACAGGTAGCAG
rs6479502_snv_A_G.3,rs6479502_snv_A_G,snv,FAM120A,GACTACAGCCTGCTGCTGGT
rs6479502_snv_C_G.3,rs6479502_snv_C_G,snv,FAM120A,GACTACAGCCTGCTGCTGGT
rs6479502_snv_C_G.4,rs6479502_snv_C_G,snv,FAM120A,GCCTGCTGCTGGTTGGCCAG
rs577733411_snv_A_G.1,rs577733411_snv_A_G,snv,FAM120A,GCATGAAAGAGACCACATGG
rs112378964_snv_C_T.2,rs112378964_snv_C_T,snv,FAM120A,GCCTGGGGCCACCGTCACAG
rs1378522108_snv_A_C.4,rs1378522108_snv_A_C,snv,FAM120A,GGAGAATGCAGTTCCGCGGC
rs6479502_snv_G_T.2,rs6479502_snv_G_T,snv,FAM120A,GACTACAGCCTGCTGCTGGT
rs1282953635_snv_A_C.4,rs1282953635_snv_A_C,snv,FAM120A,GTGAATGTTGTCATGACTTG
rs1282953635_snv_A_G.2,rs1282953635_snv_A_G,snv,FAM120A,GTGAATGTTGTCATGACTTG
rs112378964_snv_C_T.3,rs112378964_snv_C_T,snv,FAM120A,GCCTGGGGCCACCGTCACAG
rs7858065_snv_A_G.1,rs7858065_snv_A_G,snv,FAM120A,GGGAGTAGGCCTCACTGACA
rs114589685_snv_A_C.1,rs114589685_snv_A_C,snv,FAM120A,GTCTTATCGCTGCTTCCCTC
rs6479502_snv_A_G.4,rs6479502_snv_A_G,snv,FAM120A,GACTACAGCCTGCTGCTGGT
rs774916825_snv_A_G.4,rs774916825_snv_A_G,snv,FAM120A,GGGGCTTGTAACCTGGAGAT
rs7858065_snv_A_G.2,rs7858065_snv_A_G,snv,FAM120A,GGGAGTAGGCCTCACTGACA
rs965602214_snv_A_G.3,rs965602214_snv_A_G,snv,FAM120A,GCCCAGCCTCCAGGCATCTC
rs147019158_snv_A_G.1,rs147019158_snv_A_G,snv,FAM120A,GGATAAGAAGGCCAGACTGA
rs1587649346_snv_A_C.2,rs1587649346_snv_A_C,snv,FAM120A,GCAGGAAGGAAACGCGCCCC
rs7858065_snv_A_G.3,rs7858065_snv_A_G,snv,FAM120A,GGGAGTAGGCCTCACTGACA
rs147019158_snv_A_G.2,rs147019158_snv_A_G,snv,FAM120A,GGATAAGAAGGCCAGACTGA
rs11791374_snv_C_T.1,rs11791374_snv_C_T,snv,FAM120A,GCACTGACCTAGCTCCAGCA
rs1033385277_snv_C_G.1,rs1033385277_snv_C_G,snv,FAM120A,GGTCTGCTCGGTCTCTCTCG
rs887939459_snv_C_G.4,rs887939459_snv_C_G,snv,FAM120A,GACCCAGAATAACCACCGGG
rs114589685_snv_A_C.2,rs114589685_snv_A_C,snv,FAM120A,GTCTTATCGCTGCTTCCCTC
rs577733411_snv_A_G.2,rs577733411_snv_A_G,snv,FAM120A,GCATGAAAGAGACCACATGG
rs4743924_snv_C_G.1,rs4743924_snv_C_G,snv,FAM120A,GCAGGGGTGGGGTTTGTTGA
rs112378964_snv_C_T.4,rs112378964_snv_C_T,snv,FAM120A,GCCTGGGGCCACCGTCACAG
rs965602214_snv_A_G.4,rs965602214_snv_A_G,snv,FAM120A,GCCCAGCCTCCAGGCATCTC
rs147257678_snv_A_G.1,rs147257678_snv_A_G,snv,FAM120A,GGTCTGCTCGGTCTCTCTCG
rs75704756_snv_A_G.2,rs75704756_snv_A_G,snv,FAM120A,GCCGGCTCTGGGTCCAGCCG
rs374736421_snv_A_T.1,rs374736421_snv_A_T,snv,FAM120A,GCAGGACTACAGCCTGCTGC
rs374736421_snv_A_T.2,rs374736421_snv_A_T,snv,FAM120A,GCAGGACTACAGCCTGCTGC
rs116030296_snv_G_T.1,rs116030296_snv_G_T,snv,FAM120A,GTAGAATGTGACCAGCCTTG
rs369034665_snv_C_T.2,rs369034665_snv_C_T,snv,FAM120A,GGACACACTCTGGGGCCCCG
rs7858065_snv_A_G.4,rs7858065_snv_A_G,snv,FAM120A,GGGAGTAGGCCTCACTGACA
rs544373219_snv_C_T.3,rs544373219_snv_C_T,snv,FAM120A,GTGTGAAAGAGACCACATGG
rs76152877_snv_C_T.1,rs76152877_snv_C_T,snv,FAM120A,GCCTGTGCCCTGGGAGTGGC
rs887939459_snv_A_G.1,rs887939459_snv_A_G,snv,FAM120A,GACCCAGAATAACCACCGGG
rs114589685_snv_A_C.3,rs114589685_snv_A_C,snv,FAM120A,GTCTTATCGCTGCTTCCCTC
rs147257678_snv_A_G.2,rs147257678_snv_A_G,snv,FAM120A,GGTCTGCTCGGTCTCTCTCG
rs1282953635_snv_A_G.3,rs1282953635_snv_A_G,snv,FAM120A,GTGAATGTTGTCATGACTTG
rs577733411_snv_A_G.3,rs577733411_snv_A_G,snv,FAM120A,GCATGAAAGAGACCACATGG
rs74740549_snv_C_T.1,rs74740549_snv_C_T,snv,FAM120A,GCAGTCCCGGAGATGCCTGG
rs6479502_snv_G_T.3,rs6479502_snv_G_T,snv,FAM120A,GACTACAGCCTGCTGCTGGT
rs116030296_snv_G_T.2,rs116030296_snv_G_T,snv,FAM120A,GTAGAATGTGACCAGCCTTG
rs369034665_snv_C_T.3,rs369034665_snv_C_T,snv,FAM120A,GGACACACTCTGGGGCCCCG
rs75704756_snv_A_G.3,rs75704756_snv_A_G,snv,FAM120A,GCCGGCTCTGGGTCCAGCCG
rs577707940_snv_A_G.1,rs577707940_snv_A_G,snv,FAM120A,GCCACCTGCTCCCGAACTGC
rs79629992_snv_A_G.4,rs79629992_snv_A_G,snv,FAM120A,GAACAGGGACAGCTGGAGAC
rs11791374_snv_C_T.2,rs11791374_snv_C_T,snv,FAM120A,GCACTGACCTAGCTCCAGCA
rs116030296_snv_G_T.3,rs116030296_snv_G_T,snv,FAM120A,GTAGAATGTGACCAGCCTTG
rs147019158_snv_A_G.3,rs147019158_snv_A_G,snv,FAM120A,GGATAAGAAGGCCAGACTGA
rs57055893_snv_C_T.3,rs57055893_snv_C_T,snv,FAM120A,GCTGTCACATCTGACTCCAC
rs116030296_snv_G_T.4,rs116030296_snv_G_T,snv,FAM120A,GTAGAATGTGACCAGCCTTG
rs6479502_snv_G_T.4,rs6479502_snv_G_T,snv,FAM120A,GACTACAGCCTGCTGCTGGT
rs147019158_snv_A_G.4,rs147019158_snv_A_G,snv,FAM120A,GGATAAGAAGGCCAGACTGA
rs1588832385_snv_A_G.1,rs1588832385_snv_A_G,snv,FAM120A,GAGCAGCTGAGAGACACTTT
rs75704756_snv_A_G.4,rs75704756_snv_A_G,snv,FAM120A,GCCGGCTCTGGGTCCAGCCG
rs147257678_snv_A_T.1,rs147257678_snv_A_T,snv,FAM120A,GGTCTGCTCGGTCTCTCTCG
rs1587729331_snv_G_T.1,rs1587729331_snv_G_T,snv,FAM120A,GATTCTGGGTATGGCCCCAA
rs369034665_snv_C_T.4,rs369034665_snv_C_T,snv,FAM120A,GGACACACTCTGGGGCCCCG
rs74740549_snv_C_T.2,rs74740549_snv_C_T,snv,FAM120A,GCAGTCCCGGAGATGCCTGG
rs74740549_snv_C_T.3,rs74740549_snv_C_T,snv,FAM120A,GCAGTCCCGGAGATGCCTGG
rs114589685_snv_A_C.4,rs114589685_snv_A_C,snv,FAM120A,GTCTTATCGCTGCTTCCCTC
rs577707940_snv_A_G.2,rs577707940_snv_A_G,snv,FAM120A,GCACCTGCTCCCGAACTGCG
rs577707940_snv_A_G.3,rs577707940_snv_A_G,snv,FAM120A,GCACCTGCTCCCGAACTGCG
rs10821146_snv_A_G.1,rs10821146_snv_A_G,snv,FAM120A,GGAAAAGGTGTTCAGCCTCC
rs79534420_snv_A_G.4,rs79534420_snv_A_G,snv,FAM120A,GCACTGTCTACAGGTAGCAG
rs887939459_snv_A_G.2,rs887939459_snv_A_G,snv,FAM120A,GACCCAGAATAACCACCGGG
rs147257678_snv_A_G.3,rs147257678_snv_A_G,snv,FAM120A,GGTCTGCTCGGTCTCTCTCG
rs887939459_snv_A_G.3,rs887939459_snv_A_G,snv,FAM120A,GACCCAGAATAACCACCGGG
rs147257678_snv_A_G.4,rs147257678_snv_A_G,snv,FAM120A,GGTCTGCTCGGTCTCTCTCG
rs544373219_snv_C_T.4,rs544373219_snv_C_T,snv,FAM120A,GTGTGAAAGAGACCACATGG
rs4743924_snv_C_G.2,rs4743924_snv_C_G,snv,FAM120A,GCAGGGGTGGGGTTTGTTGA
rs57055893_snv_C_T.4,rs57055893_snv_C_T,snv,FAM120A,GCTGTCACATCTGACTCCAC
rs1587729331_snv_G_T.2,rs1587729331_snv_G_T,snv,FAM120A,GATTCTGGGTATGGCCCCAA
rs75704756_snv_C_G.1,rs75704756_snv_C_G,snv,FAM120A,GCCGGCTCTGGGTCCAGCCG
rs1588832385_snv_A_G.2,rs1588832385_snv_A_G,snv,FAM120A,GAGCAGCTGAGAGACACTTT
rs1033385277_snv_C_G.2,rs1033385277_snv_C_G,snv,FAM120A,GGTCTGCTCGGTCTCTCTCG
rs117810130_snv_C_G.1,rs117810130_snv_C_G,snv,FAM120A,GGCTCGGCGGACCTGGGTAC
rs577707940_snv_A_G.4,rs577707940_snv_A_G,snv,FAM120A,GCCACCTGCTCCCGAACTGC
rs577733411_snv_A_G.4,rs577733411_snv_A_G,snv,FAM120A,GCATGAAAGAGACCACATGG
rs887939459_snv_A_G.4,rs887939459_snv_A_G,snv,FAM120A,GACCCAGAATAACCACCGGG
rs1412050_snv_C_T.1,rs1412050_snv_C_T,snv,FAM120A,GTGCATCCAGGTCAGTCACT
rs1587729331_snv_G_T.3,rs1587729331_snv_G_T,snv,FAM120A,GATTCTGGGTATGGCCCCAA
rs117810130_snv_C_G.2,rs117810130_snv_C_G,snv,FAM120A,GGCTCGGCGGACCTGGGTAC
rs1033385277_snv_C_G.3,rs1033385277_snv_C_G,snv,FAM120A,GGTCTGCTCGGTCTCTCTCG
rs575684658_snv_C_T.1,rs575684658_snv_C_T,snv,FAM120A,GGGCCTCCTCTTCTGGGCGC
rs11791374_snv_C_T.3,rs11791374_snv_C_T,snv,FAM120A,GCACTGACCTAGCTCCAGCA
rs147257678_snv_A_T.2,rs147257678_snv_A_T,snv,FAM120A,GGTCTGCTCGGTCTCTCTCG
rs1587729331_snv_G_T.4,rs1587729331_snv_G_T,snv,FAM120A,GATTCTGGGTATGGCCCCAA
rs4743924_snv_C_G.3,rs4743924_snv_C_G,snv,FAM120A,GCAGGGGTGGGGTTTGTTGA
rs117810130_snv_C_G.3,rs117810130_snv_C_G,snv,FAM120A,GGCTCGGCGGACCTGGGTAC
rs76152877_snv_C_T.2,rs76152877_snv_C_T,snv,FAM120A,GCCTGTGCCCTGGGAGTGGC
rs575684658_snv_C_T.2,rs575684658_snv_C_T,snv,FAM120A,GGGCCTCCTCTTCTGGGCGC
rs4743924_snv_C_G.4,rs4743924_snv_C_G,snv,FAM120A,GCAGGGGTGGGGTTTGTTGA
rs10821146_snv_A_G.2,rs10821146_snv_A_G,snv,FAM120A,GGAAAAGGTGTTCAGCCTCC
rs575684658_snv_C_T.3,rs575684658_snv_C_T,snv,FAM120A,GGGCCTCCTCTTCTGGGCGC
rs147257678_snv_A_T.3,rs147257678_snv_A_T,snv,FAM120A,GGTCTGCTCGGTCTCTCTCG
rs117810130_snv_C_G.4,rs117810130_snv_C_G,snv,FAM120A,GGCTCGGCGGACCTGGGTAC
rs147257678_snv_A_T.4,rs147257678_snv_A_T,snv,FAM120A,GGTCTGCTCGGTCTCTCTCG
rs74758130_snv_C_T.1,rs74758130_snv_C_T,snv,FAM120A,GGTCCATCAGCAGTACAGAC
rs1412050_snv_C_T.2,rs1412050_snv_C_T,snv,FAM120A,GTGCATCCAGGTCAGTCACT
rs1588832385_snv_A_G.3,rs1588832385_snv_A_G,snv,FAM120A,GAGCAGCTGAGAGACACTTT
rs10821146_snv_A_G.3,rs10821146_snv_A_G,snv,FAM120A,GGAAAAGGTGTTCAGCCTCC
rs74740549_snv_C_T.4,rs74740549_snv_C_T,snv,FAM120A,GCAGTCCCGGAGATGCCTGG
rs1412050_snv_C_T.3,rs1412050_snv_C_T,snv,FAM120A,GTGCATCCAGGTCAGTCACT
rs1412050_snv_C_T.4,rs1412050_snv_C_T,snv,FAM120A,GTGCATCCAGGTCAGTCACT
rs1033385277_snv_C_G.4,rs1033385277_snv_C_G,snv,FAM120A,GGTCTGCTCGGTCTCTCTCG
rs374736421_snv_A_T.3,rs374736421_snv_A_T,snv,FAM120A,GCAGGACTACAGCCTGCTGC
rs79629992_snv_A_T.1,rs79629992_snv_A_T,snv,FAM120A,GAACAGGGACAGCTGGAGAC
rs575684658_snv_C_T.4,rs575684658_snv_C_T,snv,FAM120A,GGGCCTCCTCTTCTGGGCGC
rs1588862628_snv_C_T.1,rs1588862628_snv_C_T,snv,FAM120A,GCCAAGCCTGGACTGAGACC
rs1282953635_snv_A_G.4,rs1282953635_snv_A_G,snv,FAM120A,GTGAATGTTGTCATGACTTG
rs28666855_snv_A_G.1,rs28666855_snv_A_G,snv,FAM120A,GTGGGTTTACCATAGTCCTC
rs10821146_snv_A_G.4,rs10821146_snv_A_G,snv,FAM120A,GGAAAAGGTGTTCAGCCTCC
rs41274392_snv_C_G.1,rs41274392_snv_C_G,snv,FAM120A,GGCCTTTCTAACGCCGCCGT
rs115012083_snv_C_T.1,rs115012083_snv_C_T,snv,FAM120A,GGTGTGTCTGCCAGGCGCAG
rs74758130_snv_C_T.2,rs74758130_snv_C_T,snv,FAM120A,GGTCCATCAGCAGTACAGAC
rs145409988_snv_C_T.1,rs145409988_snv_C_T,snv,FAM120A,GCATGGATACTCTTCCTTGG
rs4743924_snv_A_G.1,rs4743924_snv_A_G,snv,FAM120A,GCAGGGGTGGGGTTTGTTGA
rs374736421_snv_A_T.4,rs374736421_snv_A_T,snv,FAM120A,GCAGGACTACAGCCTGCTGC
rs894979238_snv_A_G.1,rs894979238_snv_A_G,snv,FAM120A,GCTGCAGCACGCACGGCTGA
rs145409988_snv_C_G.1,rs145409988_snv_C_G,snv,FAM120A,GCATGGATACTCTTCCTTGG
rs79629992_snv_A_T.2,rs79629992_snv_A_T,snv,FAM120A,GAACAGGGACAGCTGGAGAC
rs557221275_snv_A_G.1,rs557221275_snv_A_G,snv,FAM120A,GGGAGGAAAAAGCTGGGAGT
rs41274392_snv_A_G.1,rs41274392_snv_A_G,snv,FAM120A,GGCCTTTCTAACGCCGCCGT
rs73523946_snv_C_T.1,rs73523946_snv_C_T,snv,FAM120A,GCATGGAGATGATGGGCACA
rs557221275_snv_G_T.1,rs557221275_snv_G_T,snv,FAM120A,GGGAGGAAAAAGCTGGGAGT
rs868386811_snv_G_T.1,rs868386811_snv_G_T,snv,FAM120A,GGATAGCACTTGGCAGGGCC
rs893994874_snv_C_G.1,rs893994874_snv_C_G,snv,FAM120A,GCTGAGTGAGGACACACTCT
rs79629992_snv_A_T.3,rs79629992_snv_A_T,snv,FAM120A,GAACAGGGACAGCTGGAGAC
rs372408329_snv_C_T.1,rs372408329_snv_C_T,snv,FAM120A,GGCCTCCTCTCCCTACAGGA
rs145409988_snv_C_G.2,rs145409988_snv_C_G,snv,FAM120A,GCATGGATACTCTTCCTTGG
rs145409988_snv_C_T.2,rs145409988_snv_C_T,snv,FAM120A,GCATGGATACTCTTCCTTGG
rs112535020_snv_A_G.1,rs112535020_snv_A_G,snv,FAM120A,GTGCTCATCCCAGCAGCTTC
rs1588862466_snv_A_G.1,rs1588862466_snv_A_G,snv,FAM120A,GTGGCTCTTCCCTTGGGGTC
rs73523946_snv_C_T.2,rs73523946_snv_C_T,snv,FAM120A,GCATGGAGATGATGGGCACA
rs11791374_snv_C_T.4,rs11791374_snv_C_T,snv,FAM120A,GCACTGACCTAGCTCCAGCA
rs79629992_snv_A_T.4,rs79629992_snv_A_T,snv,FAM120A,GAACAGGGACAGCTGGAGAC
rs1587649346_snv_A_C.3,rs1587649346_snv_A_C,snv,FAM120A,GCAGGAAGGAAACGCGCCCC
rs1588832385_snv_A_G.4,rs1588832385_snv_A_G,snv,FAM120A,GAGCAGCTGAGAGACACTTT
rs1587649346_snv_A_C.4,rs1587649346_snv_A_C,snv,FAM120A,GCAGGAAGGAAACGCGCCCC
rs145409988_snv_C_G.3,rs145409988_snv_C_G,snv,FAM120A,GCATGGATACTCTTCCTTGG
rs145409988_snv_C_T.3,rs145409988_snv_C_T,snv,FAM120A,GCATGGATACTCTTCCTTGG
rs73523946_snv_C_T.3,rs73523946_snv_C_T,snv,FAM120A,GCATGGAGATGATGGGCACA
rs75704756_snv_C_G.2,rs75704756_snv_C_G,snv,FAM120A,GCCGGCTCTGGGTCCAGCCG
rs868386811_snv_A_G.1,rs868386811_snv_A_G,snv,FAM120A,GTGCTCAGAGTTCTCCTGCA
rs73523946_snv_C_T.4,rs73523946_snv_C_T,snv,FAM120A,GCATGGAGATGATGGGCACA
rs75704756_snv_C_G.3,rs75704756_snv_C_G,snv,FAM120A,GCCGGCTCTGGGTCCAGCCG
rs4743924_snv_A_G.2,rs4743924_snv_A_G,snv,FAM120A,GCAGGGGTGGGGTTTGTTGA
rs41274392_snv_C_G.2,rs41274392_snv_C_G,snv,FAM120A,GGCCTTTCTAACGCCGCCGT
rs1588862628_snv_C_T.2,rs1588862628_snv_C_T,snv,FAM120A,GCCAAGCCTGGACTGAGACC
rs868386811_snv_A_G.2,rs868386811_snv_A_G,snv,FAM120A,GTGCTCAGAGTTCTCCTGCA
rs1588862628_snv_C_T.3,rs1588862628_snv_C_T,snv,FAM120A,GCCAAGCCTGGACTGAGACC
rs75704756_snv_C_G.4,rs75704756_snv_C_G,snv,FAM120A,GCCGGCTCTGGGTCCAGCCG
rs868386811_snv_G_T.2,rs868386811_snv_G_T,snv,FAM120A,GTGCTCAGAGTTCTCCTGCA
rs868386811_snv_A_G.3,rs868386811_snv_A_G,snv,FAM120A,GTGCTCAGAGTTCTCCTGCA
rs145409988_snv_C_G.4,rs145409988_snv_C_G,snv,FAM120A,GCATGGATACTCTTCCTTGG
rs112535020_snv_A_G.2,rs112535020_snv_A_G,snv,FAM120A,GTGCTCATCCCAGCAGCTTC
rs868386811_snv_G_T.3,rs868386811_snv_G_T,snv,FAM120A,GGATAGCACTTGGCAGGGCC
rs1033385277_snv_C_T.1,rs1033385277_snv_C_T,snv,FAM120A,GGTCTGCTCGGTCTCTCTCG
rs74758130_snv_C_T.3,rs74758130_snv_C_T,snv,FAM120A,GGTCCATCAGCAGTACAGAC
rs4743924_snv_A_G.3,rs4743924_snv_A_G,snv,FAM120A,GCAGGGGTGGGGTTTGTTGA
rs772883990_snv_C_G.1,rs772883990_snv_C_G,snv,FAM120A,GGACGATCTGCTGTGCCGTC
rs140691097_snv_A_G.1,rs140691097_snv_A_G,snv,FAM120A,GAGCCGTGGCCCCGGAACAG
rs557221275_snv_A_G.2,rs557221275_snv_A_G,snv,FAM120A,GGGAGGAAAAAGCTGGGAGT
rs557221275_snv_A_G.3,rs557221275_snv_A_G,snv,FAM120A,GGGAGGAAAAAGCTGGGAGT
rs145409988_snv_C_T.4,rs145409988_snv_C_T,snv,FAM120A,GCATGGATACTCTTCCTTGG
rs960737542_snv_C_T.1,rs960737542_snv_C_T,snv,FAM120A,GGAGAGACCGAGCAGACCCT
rs74758130_snv_C_T.4,rs74758130_snv_C_T,snv,FAM120A,GGTCCATCAGCAGTACAGAC
rs557221275_snv_A_G.4,rs557221275_snv_A_G,snv,FAM120A,GGGAGGAAAAAGCTGGGAGT
rs28666855_snv_A_G.2,rs28666855_snv_A_G,snv,FAM120A,GTGGGTTTACCATAGTCCTC
rs557221275_snv_G_T.2,rs557221275_snv_G_T,snv,FAM120A,GGGAGGAAAAAGCTGGGAGT
rs557221275_snv_G_T.3,rs557221275_snv_G_T,snv,FAM120A,GGGAGGAAAAAGCTGGGAGT
rs868386811_snv_A_G.4,rs868386811_snv_A_G,snv,FAM120A,GTGCTCAGAGTTCTCCTGCA
rs41274392_snv_C_G.3,rs41274392_snv_C_G,snv,FAM120A,GGCCTTTCTAACGCCGCCGT
rs893994874_snv_C_G.2,rs893994874_snv_C_G,snv,FAM120A,GCTGAGTGAGGACACACTCT
rs76152877_snv_C_T.3,rs76152877_snv_C_T,snv,FAM120A,GCCTGTGCCCTGGGAGTGGC
rs960737542_snv_C_T.2,rs960737542_snv_C_T,snv,FAM120A,GGGAGAAACTGGCTCGGCTC
rs549298441_snv_A_C.1,rs549298441_snv_A_C,snv,FAM120A,GGGCCGCCGCCTCCGCCCGG
rs112535020_snv_A_G.3,rs112535020_snv_A_G,snv,FAM120A,GTGCTCATCCCAGCAGCTTC
rs41274392_snv_C_G.4,rs41274392_snv_C_G,snv,FAM120A,GGCCTTTCTAACGCCGCCGT
rs1588862628_snv_C_T.4,rs1588862628_snv_C_T,snv,FAM120A,GCCAAGCCTGGACTGAGACC
rs557221275_snv_G_T.4,rs557221275_snv_G_T,snv,FAM120A,GGGAGGAAAAAGCTGGGAGT
rs905702847_snv_C_T.1,rs905702847_snv_C_T,snv,FAM120A,GGAGAGGCGAGCCCGGCCGG
rs1051834164_snv_A_T.1,rs1051834164_snv_A_T,snv,FAM120A,GGCGAGCGCCAGCCCCTCCC
rs905702847_snv_C_T.2,rs905702847_snv_C_T,snv,FAM120A,GGAGAGGCGAGCCCGGCCGG
rs1412050_snv_C_G.1,rs1412050_snv_C_G,snv,FAM120A,GTGCATCCAGGTCAGTCACT
rs140691097_snv_C_G.1,rs140691097_snv_C_G,snv,FAM120A,GAGCCGTGGCCCCGGAACAG
rs905702847_snv_C_T.3,rs905702847_snv_C_T,snv,FAM120A,GGAGAGGCGAGCCCGGCCGG
rs1412050_snv_C_G.2,rs1412050_snv_C_G,snv,FAM120A,GTGCATCCAGGTCAGTCACT
rs905702847_snv_C_T.4,rs905702847_snv_C_T,snv,FAM120A,GGAGAGGCGAGCCCGGCCGG
rs57604237_snv_A_G.1,rs57604237_snv_A_G,snv,FAM120A,GTTTAAAGCCAGGCAGACCT
rs112535020_snv_A_G.4,rs112535020_snv_A_G,snv,FAM120A,GTGCTCATCCCAGCAGCTTC
rs10821132_snv_A_G.1,rs10821132_snv_A_G,snv,FAM120A,GTCACACAGATCTCCTTACA
rs960737542_snv_C_T.3,rs960737542_snv_C_T,snv,FAM120A,GGAGAGACCGAGCAGACCCT
rs10821132_snv_A_G.2,rs10821132_snv_A_G,snv,FAM120A,GTCACACAGATCTCCTTACA
rs1051834164_snv_A_T.2,rs1051834164_snv_A_T,snv,FAM120A,GGCGAGCGCCAGCCCCTCCC
rs1588862466_snv_A_G.2,rs1588862466_snv_A_G,snv,FAM120A,GGCCTCTGGCTCTTCCCTTG
rs1412050_snv_C_G.3,rs1412050_snv_C_G,snv,FAM120A,GTGCATCCAGGTCAGTCACT
rs894979238_snv_A_G.2,rs894979238_snv_A_G,snv,FAM120A,GCTGCAGCACGCACGGCTGA
rs1588862466_snv_A_G.3,rs1588862466_snv_A_G,snv,FAM120A,GGCCTCTGGCTCTTCCCTTG
rs372408329_snv_C_T.2,rs372408329_snv_C_T,snv,FAM120A,GGCCTCCTCTCCCTACAGGA
rs893994874_snv_C_G.3,rs893994874_snv_C_G,snv,FAM120A,GCTGAGTGAGGACACACTCT
rs35383254_snv_A_T.1,rs35383254_snv_A_T,snv,FAM120A,GCCTGTAGCTGTCAGCTATG
rs41274392_snv_A_G.2,rs41274392_snv_A_G,snv,FAM120A,GGCCTTTCTAACGCCGCCGT
rs960737542_snv_C_T.4,rs960737542_snv_C_T,snv,FAM120A,GGAGAGACCGAGCAGACCCT
rs893994874_snv_C_T.1,rs893994874_snv_C_T,snv,FAM120A,GCTGAGTGAGGACACACTCT
rs115012083_snv_C_T.2,rs115012083_snv_C_T,snv,FAM120A,GCGGCCGGCAGAGTCCCGAT
rs893994874_snv_C_G.4,rs893994874_snv_C_G,snv,FAM120A,GCTGAGTGAGGACACACTCT
rs140691097_snv_C_G.2,rs140691097_snv_C_G,snv,FAM120A,GACTCGCCGGTTCCTGACGG
rs894979238_snv_A_G.3,rs894979238_snv_A_G,snv,FAM120A,GCTGCAGCACGCACGGCTGA
rs894979238_snv_A_G.4,rs894979238_snv_A_G,snv,FAM120A,GCTGCAGCACGCACGGCTGA
rs1051834164_snv_A_T.3,rs1051834164_snv_A_T,snv,FAM120A,GGCGAGCGCCAGCCCCTCCC
rs4743924_snv_A_G.4,rs4743924_snv_A_G,snv,FAM120A,GCAGGGGTGGGGTTTGTTGA
rs868386811_snv_G_T.4,rs868386811_snv_G_T,snv,FAM120A,GTGCTCAGAGTTCTCCTGCA
rs969178302_snv_A_C.1,rs969178302_snv_A_C,snv,FAM120A,GTCCAGTGTCCAGAGAGGCA
rs1014568264_snv_C_G.1,rs1014568264_snv_C_G,snv,FAM120A,GAAGGCTAGAATGAACCTCA
rs1050500814_snv_A_G.1,rs1050500814_snv_A_G,snv,FAM120A,GACTGTGTCACCTCCAGGGT
rs7027660_snv_A_C.1,rs7027660_snv_A_C,snv,FAM120A,GCGCCCACAGTAGGACTGAA
rs140691097_snv_C_G.3,rs140691097_snv_C_G,snv,FAM120A,GACTCGCCGGTTCCTGACGG
rs1050500814_snv_A_G.2,rs1050500814_snv_A_G,snv,FAM120A,GACTGTGTCACCTCCAGGGT
rs893994874_snv_C_T.2,rs893994874_snv_C_T,snv,FAM120A,GCTGAGTGAGGACACACTCT
rs115012083_snv_C_T.3,rs115012083_snv_C_T,snv,FAM120A,GCGGCCGGCAGAGTCCCGAT
rs1304217046_snv_C_T.1,rs1304217046_snv_C_T,snv,FAM120A,GTCAGAAAGCCAAGGAAGCA
rs115012083_snv_C_T.4,rs115012083_snv_C_T,snv,FAM120A,GTGGCAGCTGTGTGTCTGCC
rs1051834164_snv_A_T.4,rs1051834164_snv_A_T,snv,FAM120A,GGCGAGCGCCAGCCCCTCCC
rs187495209_snv_A_G.1,rs187495209_snv_A_G,snv,FAM120A,GCCATCAGCTGTCTTGGTCT
rs372774194_snv_A_G.1,rs372774194_snv_A_G,snv,FAM120A,GGGCAGGTGGCGGCGGGAAA
rs187495209_snv_A_G.2,rs187495209_snv_A_G,snv,FAM120A,GCCATCAGCTGTCTTGGTCT
rs76152877_snv_C_T.4,rs76152877_snv_C_T,snv,FAM120A,GTATGTCCAGGCAGACCGAA
rs10821132_snv_A_G.3,rs10821132_snv_A_G,snv,FAM120A,GTCACACAGATCTCCTTACA
rs1033385277_snv_C_T.2,rs1033385277_snv_C_T,snv,FAM120A,GGTCTGCTCGGTCTCTCTCG
rs1412050_snv_C_G.4,rs1412050_snv_C_G,snv,FAM120A,GTGCATCCAGGTCAGTCACT
rs187495209_snv_A_G.3,rs187495209_snv_A_G,snv,FAM120A,GCCATCAGCTGTCTTGGTCT
rs1014568264_snv_C_G.2,rs1014568264_snv_C_G,snv,FAM120A,GAAGGCTAGAATGAACCTCA
rs1588862466_snv_A_G.4,rs1588862466_snv_A_G,snv,FAM120A,GGCCTCTGGCTCTTCCCTTG
rs57604237_snv_A_G.2,rs57604237_snv_A_G,snv,FAM120A,GTTTAAAGCCAGGCAGACCT
rs140691097_snv_A_G.2,rs140691097_snv_A_G,snv,FAM120A,GAGCCGTGGCCCCGGAACAG
rs140691097_snv_A_G.3,rs140691097_snv_A_G,snv,FAM120A,GACTCGCCGGTTCCTGACGG
rs772883990_snv_C_G.2,rs772883990_snv_C_G,snv,FAM120A,GGACGATCTGCTGTGCCGTC
rs41274392_snv_A_G.3,rs41274392_snv_A_G,snv,FAM120A,GGCCTTTCTAACGCCGCCGT
rs549298441_snv_A_C.2,rs549298441_snv_A_C,snv,FAM120A,GGGCCGCCGCCTCCGCCCGG
rs772883990_snv_C_G.3,rs772883990_snv_C_G,snv,FAM120A,GGACGATCTGCTGTGCCGTC
rs772883990_snv_C_G.4,rs772883990_snv_C_G,snv,FAM120A,GGACGATCTGCTGTGCCGTC
rs1033385277_snv_C_T.3,rs1033385277_snv_C_T,snv,FAM120A,GGTCTGCTCGGTCTCTCTCG
rs35383254_snv_A_T.2,rs35383254_snv_A_T,snv,FAM120A,GCCTGTAGCTGTCAGCTATG
rs77750454_snv_C_G.1,rs77750454_snv_C_G,snv,FAM120A,GTGGCAGGGCCAGGCCGTGC
rs1029974624_snv_A_C.1,rs1029974624_snv_A_C,snv,FAM120A,GGTTGTCGGCGTCCACCAGC
rs7027660_snv_A_C.2,rs7027660_snv_A_C,snv,FAM120A,GCTCTGCTCCCGCCCACAGT
rs4744245_snv_G_T.1,rs4744245_snv_G_T,snv,FAM120A,GCCCAGCCTCCAGGCATCTC
rs187495209_snv_A_G.4,rs187495209_snv_A_G,snv,FAM120A,GCCATCAGCTGTCTTGGTCT
rs977490130_snv_C_G.1,rs977490130_snv_C_G,snv,FAM120A,GTCCCAGGATTGGAACACAG
rs1033385277_snv_C_T.4,rs1033385277_snv_C_T,snv,FAM120A,GGTCTGCTCGGTCTCTCTCG
rs140691097_snv_C_G.4,rs140691097_snv_C_G,snv,FAM120A,GACTCGCCGGTTCCTGACGG
rs1050500814_snv_A_G.3,rs1050500814_snv_A_G,snv,FAM120A,GACTGTGTCACCTCCAGGGT
rs140691097_snv_A_G.4,rs140691097_snv_A_G,snv,FAM120A,GACTCGCCGGTTCCTGACGG
rs1378062010_snv_G_T.1,rs1378062010_snv_G_T,snv,FAM120A,GGGCGGGGGCGGCGGCCTCT
rs35383254_snv_A_T.3,rs35383254_snv_A_T,snv,FAM120A,GCCTGTAGCTGTCAGCTATG
rs41274392_snv_A_G.4,rs41274392_snv_A_G,snv,FAM120A,GGCCTTTCTAACGCCGCCGT
rs57604237_snv_A_G.3,rs57604237_snv_A_G,snv,FAM120A,GTTTAAAGCCAGGCAGACCT
rs372408329_snv_C_T.3,rs372408329_snv_C_T,snv,FAM120A,GGCCTCCTCTCCCTACAGGA
rs372774194_snv_A_G.2,rs372774194_snv_A_G,snv,FAM120A,GGGCAGGTGGCGGCGGGAAA
rs549298441_snv_C_T.1,rs549298441_snv_C_T,snv,FAM120A,GGGCCGCCGCCTCCGCCCGG
rs372408329_snv_C_T.4,rs372408329_snv_C_T,snv,FAM120A,GGCCTCCTCTCCCTACAGGA
rs549298441_snv_A_C.3,rs549298441_snv_A_C,snv,FAM120A,GGGCCGCCGCCTCCGCCCGG
rs1050500814_snv_A_G.4,rs1050500814_snv_A_G,snv,FAM120A,GACTGTGTCACCTCCAGGGT
rs977490130_snv_C_G.2,rs977490130_snv_C_G,snv,FAM120A,GTCCCAGGATTGGAACACAG
rs35383254_snv_A_T.4,rs35383254_snv_A_T,snv,FAM120A,GCCTGTAGCTGTCAGCTATG
rs1378062010_snv_G_T.2,rs1378062010_snv_G_T,snv,FAM120A,GGGCGGGGGCGGCGGCCTCT
rs28666855_snv_A_G.3,rs28666855_snv_A_G,snv,FAM120A,GTGGGTTTACCATAGTCCTC
rs372774194_snv_A_G.3,rs372774194_snv_A_G,snv,FAM120A,GGGCAGGTGGCGGCGGGAAA
rs77750454_snv_C_G.2,rs77750454_snv_C_G,snv,FAM120A,GTGGCAGGGCCAGGCCGTGC
rs969178302_snv_A_C.2,rs969178302_snv_A_C,snv,FAM120A,GTCCAGTGTCCAGAGAGGCA
rs893994874_snv_C_T.3,rs893994874_snv_C_T,snv,FAM120A,GCTGAGTGAGGACACACTCT
rs893994874_snv_C_T.4,rs893994874_snv_C_T,snv,FAM120A,GCTGAGTGAGGACACACTCT
rs6479488_snv_C_T.1,rs6479488_snv_C_T,snv,FAM120A,GCATGGGGGCACCACCTGAA
rs1378062010_snv_G_T.3,rs1378062010_snv_G_T,snv,FAM120A,GGGCGGGGGCGGCGGCCTCT
rs1378062010_snv_G_T.4,rs1378062010_snv_G_T,snv,FAM120A,GGGCGGGGGCGGCGGCCTCT
rs1304217046_snv_C_T.2,rs1304217046_snv_C_T,snv,FAM120A,GTCAGAAAGCCAAGGAAGCA
rs948201736_snv_C_T.1,rs948201736_snv_C_T,snv,FAM120A,GCACAGAGAACCGGCTTCAA
rs7027660_snv_A_C.3,rs7027660_snv_A_C,snv,FAM120A,GCTCTGCTCCCGCCCACAGT
rs77750454_snv_C_G.3,rs77750454_snv_C_G,snv,FAM120A,GTGGCAGGGCCAGGCCGTGC
rs372774194_snv_A_G.4,rs372774194_snv_A_G,snv,FAM120A,GGGCAGGTGGCGGCGGGAAA
rs948201736_snv_C_T.2,rs948201736_snv_C_T,snv,FAM120A,GCACAGAGAACCGGCTTCAA
rs371621692_snv_C_G.1,rs371621692_snv_C_G,snv,FAM120A,GCGCGGCTCGGGGCTCCCGG
rs7027660_snv_A_C.4,rs7027660_snv_A_C,snv,FAM120A,GCCGCCCACAGTAGGACTGA
rs1304217046_snv_C_T.3,rs1304217046_snv_C_T,snv,FAM120A,GTCAGAAAGCCAAGGAAGCA
rs948201736_snv_C_T.3,rs948201736_snv_C_T,snv,FAM120A,GCACAGAGAACCGGCTTCAA
rs977490130_snv_C_G.3,rs977490130_snv_C_G,snv,FAM120A,GTCCCAGGATTGGAACACAG
rs77750454_snv_C_G.4,rs77750454_snv_C_G,snv,FAM120A,GTGGCAGGGCCAGGCCGTGC
rs6479488_snv_C_T.2,rs6479488_snv_C_T,snv,FAM120A,GCATGGGGGCACCACCTGAA
rs4744245_snv_G_T.2,rs4744245_snv_G_T,snv,FAM120A,GCCCAGCCTCCAGGCATCTC
rs1029974624_snv_A_C.2,rs1029974624_snv_A_C,snv,FAM120A,GGTTGTCGGCGTCCACCAGC
rs371621692_snv_C_G.2,rs371621692_snv_C_G,snv,FAM120A,GCGCGGCTCGGGGCTCCCGG
rs117810130_snv_C_T.1,rs117810130_snv_C_T,snv,FAM120A,GTTCTCTGCAGCCTGATATG
rs57604237_snv_A_G.4,rs57604237_snv_A_G,snv,FAM120A,GTTTAAAGCCAGGCAGACCT
rs1029974624_snv_A_C.3,rs1029974624_snv_A_C,snv,FAM120A,GTCCACCAGCAGGCGCAGCG
rs1304217046_snv_C_T.4,rs1304217046_snv_C_T,snv,FAM120A,GTCAGAAAGCCAAGGAAGCA
rs969178302_snv_A_C.3,rs969178302_snv_A_C,snv,FAM120A,GACAGATCCAGTGTCCAGAG
rs1029974624_snv_A_C.4,rs1029974624_snv_A_C,snv,FAM120A,GGTTGTCGGCGTCCACCAGC
rs6479488_snv_C_T.3,rs6479488_snv_C_T,snv,FAM120A,GCATGGGGGCACCACCTGAA
rs6479488_snv_C_T.4,rs6479488_snv_C_T,snv,FAM120A,GCATGGGGGCACCACCTGAA
rs4744245_snv_A_T.1,rs4744245_snv_A_T,snv,FAM120A,GCCCAGCCTCCAGGCATCTC
rs1014568264_snv_C_G.3,rs1014568264_snv_C_G,snv,FAM120A,GAAGGCTAGAATGAACCTCA
rs10821132_snv_A_G.4,rs10821132_snv_A_G,snv,FAM120A,GTCACACAGATCTCCTTACA
rs117810130_snv_C_T.2,rs117810130_snv_C_T,snv,FAM120A,GTTCTCTGCAGCCTGATATG
rs977490130_snv_C_G.4,rs977490130_snv_C_G,snv,FAM120A,GCCCAGGATTGGAACACAGT
rs549298441_snv_A_C.4,rs549298441_snv_A_C,snv,FAM120A,GGCCTCCGCCCGGTGGTTCT
rs7027660_snv_A_T.1,rs7027660_snv_A_T,snv,FAM120A,GCTCTGCTCCCGCCCACAGT
rs7027660_snv_A_T.2,rs7027660_snv_A_T,snv,FAM120A,GCTCTGCTCCCGCCCACAGT
rs948201736_snv_C_T.4,rs948201736_snv_C_T,snv,FAM120A,GCACAGAGAACCGGCTTCAA
rs549298441_snv_C_T.2,rs549298441_snv_C_T,snv,FAM120A,GGGCCGCCGCCTCCGCCCGG
rs117810130_snv_C_T.3,rs117810130_snv_C_T,snv,FAM120A,GTTCTCTGCAGCCTGATATG
rs977490130_snv_C_T.1,rs977490130_snv_C_T,snv,FAM120A,GTCCCAGGATTGGAACACAG
rs117810130_snv_C_T.4,rs117810130_snv_C_T,snv,FAM120A,GTTCTCTGCAGCCTGATATG
rs1014568264_snv_C_G.4,rs1014568264_snv_C_G,snv,FAM120A,GAAGGCTAGAATGAACCTCA
rs144327127_delins_TT_TTT.1,rs144327127_delins_TT_TTT,common_insertion,FAM120A,GACCTGCGCGGTGGCGGACG
rs79012724_snv_A_G.1,rs79012724_snv_A_G,snv,FAM120A,GCTGAGTGAGGACACACTCT
rs7027660_snv_A_T.3,rs7027660_snv_A_T,snv,FAM120A,GCTCTGCTCCCGCCCACAGT
rs144327127_delins_TT_TTT.2,rs144327127_delins_TT_TTT,common_insertion,FAM120A,GACCTGCGCGGTGGCGGACG
rs371621692_snv_C_G.3,rs371621692_snv_C_G,snv,FAM120A,GCGCGGCTCGGGGCTCCCGG
rs79012724_snv_A_G.2,rs79012724_snv_A_G,snv,FAM120A,GCTGAGTGAGGACACACTCT
rs537271001_snv_G_T.1,rs537271001_snv_G_T,snv,FAM120A,GGCAGGATGCAGCACCACAC
rs4744245_snv_G_T.3,rs4744245_snv_G_T,snv,FAM120A,GCCAGCCTCCAGGCATCTCC
rs371621692_snv_C_G.4,rs371621692_snv_C_G,snv,FAM120A,GCGCGGCTCGGGGCTCCCGG
rs185597561_snv_G_T.1,rs185597561_snv_G_T,snv,FAM120A,GCTGCCTCCTCCTGTGCCCT
rs186191706_snv_A_G.1,rs186191706_snv_A_G,snv,FAM120A,GACAGAAACAATGGAAGATC
rs4744245_snv_G_T.4,rs4744245_snv_G_T,snv,FAM120A,GCCCAGCCTCCAGGCATCTC
rs10992765_snv_A_C.1,rs10992765_snv_A_C,snv,FAM120A,GGATGCCCAAGAGCAAAGCA
rs7027660_snv_A_T.4,rs7027660_snv_A_T,snv,FAM120A,GCGCCCACAGTAGGACTGAA
rs969178302_snv_A_C.4,rs969178302_snv_A_C,snv,FAM120A,GTCCAGTGTCCAGAGAGGCA
rs75115234_snv_C_T.1,rs75115234_snv_C_T,snv,FAM120A,GCTGCTGTGTGTTCCAACCC
rs977490130_snv_C_T.2,rs977490130_snv_C_T,snv,FAM120A,GTCCCAGGATTGGAACACAG
rs144327127_delins_TT_TTT.3,rs144327127_delins_TT_TTT,common_insertion,FAM120A,GACCTGCGCGGTGGCGGACG
rs549298441_snv_C_T.3,rs549298441_snv_C_T,snv,FAM120A,GGGCCGCCGCCTCCGCCCGG
rs977490130_snv_C_T.3,rs977490130_snv_C_T,snv,FAM120A,GTCCCAGGATTGGAACACAG
rs114132423_snv_A_G.1,rs114132423_snv_A_G,snv,FAM120A,GCAGTGTTGCATGAGAGAAA
rs78024225_snv_C_T.1,rs78024225_snv_C_T,snv,FAM120A,GCAGATACTGGTGCTTCTGT
rs984593305_snv_G_T.1,rs984593305_snv_G_T,snv,FAM120A,GTCCACTCTTTCTGCCCTAG
rs185597561_snv_G_T.2,rs185597561_snv_G_T,snv,FAM120A,GCTGCCTCCTCCTGTGCCCT
rs549298441_snv_C_T.4,rs549298441_snv_C_T,snv,FAM120A,GGGCCGCCGCCTCCGCCCGG
rs114132423_snv_G_T.1,rs114132423_snv_G_T,snv,FAM120A,GCAGTGTTGCATGAGAGAAA
rs78024225_snv_C_T.2,rs78024225_snv_C_T,snv,FAM120A,GCAGATACTGGTGCTTCTGT
rs6479488_snv_A_T.1,rs6479488_snv_A_T,snv,FAM120A,GCATGGGGGCACCACCTGAA
rs7027660_snv_A_G.1,rs7027660_snv_A_G,snv,FAM120A,GCTCTGCTCCCGCCCACAGT
rs185597561_snv_G_T.3,rs185597561_snv_G_T,snv,FAM120A,GCTGCCTCCTCCTGTGCCCT
rs144327127_delins_TT_TTT.4,rs144327127_delins_TT_TTT,common_insertion,FAM120A,GACCTGCGCGGTGGCGGACG
rs1588859483_snv_C_T.1,rs1588859483_snv_C_T,snv,FAM120A,GTGTGAAAGAGACCACATGG
rs114132423_snv_A_G.2,rs114132423_snv_A_G,snv,FAM120A,GCAGTGTTGCATGAGAGAAA
rs7027660_snv_A_G.2,rs7027660_snv_A_G,snv,FAM120A,GCTCTGCTCCCGCCCACAGT
rs185597561_snv_G_T.4,rs185597561_snv_G_T,snv,FAM120A,GCTGCCTCCTCCTGTGCCCT
rs4744245_snv_A_T.2,rs4744245_snv_A_T,snv,FAM120A,GCCCAGCCTCCAGGCATCTC
rs114132423_snv_A_G.3,rs114132423_snv_A_G,snv,FAM120A,GCAGTGTTGCATGAGAGAAA
rs6479488_snv_A_T.2,rs6479488_snv_A_T,snv,FAM120A,GCATGGGGGCACCACCTGAA
rs114132423_snv_G_T.2,rs114132423_snv_G_T,snv,FAM120A,GCAGTGTTGCATGAGAGAAA
rs78024225_snv_C_T.3,rs78024225_snv_C_T,snv,FAM120A,GAGATACTGGTGCTTCTGTA
rs114132423_snv_G_T.3,rs114132423_snv_G_T,snv,FAM120A,GCAGTGTTGCATGAGAGAAA
rs537271001_snv_G_T.2,rs537271001_snv_G_T,snv,FAM120A,GGCAGGATGCAGCACCACAC
rs114132423_snv_A_G.4,rs114132423_snv_A_G,snv,FAM120A,GCAGTGTTGCATGAGAGAAA
rs114132423_snv_G_T.4,rs114132423_snv_G_T,snv,FAM120A,GCAGTGTTGCATGAGAGAAA
rs6479488_snv_A_T.3,rs6479488_snv_A_T,snv,FAM120A,GCATGGGGGCACCACCTGAA
rs4744245_snv_C_T.1,rs4744245_snv_C_T,snv,FAM120A,GCCCAGCCTCCAGGCATCTC
rs984593305_snv_G_T.2,rs984593305_snv_G_T,snv,FAM120A,GTCCACTCTTTCTGCCCTAG
rs78024225_snv_C_T.4,rs78024225_snv_C_T,snv,FAM120A,GAGATACTGGTGCTTCTGTA
rs537271001_snv_G_T.3,rs537271001_snv_G_T,snv,FAM120A,GGCAGGATGCAGCACCACAC
rs28666855_snv_A_G.4,rs28666855_snv_A_G,snv,FAM120A,GTGGGTTTACCATAGTCCTC
rs1588859483_snv_C_T.2,rs1588859483_snv_C_T,snv,FAM120A,GTGTGAAAGAGACCACATGG
rs1378062010_snv_C_T.1,rs1378062010_snv_C_T,snv,FAM120A,GGGCGGGGGCGGCGGCCTCT
rs75115234_snv_C_T.2,rs75115234_snv_C_T,snv,FAM120A,GCTGCTGTGTGTTCCAACCC
rs1378062010_snv_C_T.2,rs1378062010_snv_C_T,snv,FAM120A,GGGCGGGGGCGGCGGCCTCT
rs984593305_snv_G_T.3,rs984593305_snv_G_T,snv,FAM120A,GTCCACTCTTTCTGCCCTAG
rs7027660_snv_A_G.3,rs7027660_snv_A_G,snv,FAM120A,GCTCTGCTCCCGCCCACAGT
rs371621692_snv_A_C.1,rs371621692_snv_A_C,snv,FAM120A,GCGCGGCTCGGGGCTCCCGG
rs79012724_snv_A_G.3,rs79012724_snv_A_G,snv,FAM120A,GCTGAGTGAGGACACACTCT
rs1378062010_snv_C_T.3,rs1378062010_snv_C_T,snv,FAM120A,GGGCGGGGGCGGCGGCCTCT
rs537271001_snv_G_T.4,rs537271001_snv_G_T,snv,FAM120A,GGCAGGATGCAGCACCACAC
rs75115234_snv_C_T.3,rs75115234_snv_C_T,snv,FAM120A,GCTGCTGTGTGTTCCAACCC
rs10992765_snv_A_C.2,rs10992765_snv_A_C,snv,FAM120A,GGATGCCCAAGAGCAAAGCA
rs371621692_snv_A_C.2,rs371621692_snv_A_C,snv,FAM120A,GGGACGCGGCTCGGGGCTCC
rs186191706_snv_A_G.2,rs186191706_snv_A_G,snv,FAM120A,GACAGAAACAATGGAAGATC
rs984593305_snv_G_T.4,rs984593305_snv_G_T,snv,FAM120A,GTCCACTCTTTCTGCCCTAG
rs10992772_snv_C_T.1,rs10992772_snv_C_T,snv,FAM120A,GCCCTGCACCAGCAGGGCCC
rs1588859483_snv_C_T.3,rs1588859483_snv_C_T,snv,FAM120A,GTGTGAAAGAGACCACATGG
rs371621692_snv_A_C.3,rs371621692_snv_A_C,snv,FAM120A,GCGCGGCTCGGGGCTCCCGG
rs1378062010_snv_C_T.4,rs1378062010_snv_C_T,snv,FAM120A,GGGCGGGGGCGGCGGCCTCT
rs79012724_snv_A_G.4,rs79012724_snv_A_G,snv,FAM120A,GCTGAGTGAGGACACACTCT
rs186191706_snv_A_G.3,rs186191706_snv_A_G,snv,FAM120A,GACAGAAACAATGGAAGATC
rs4744245_snv_C_T.2,rs4744245_snv_C_T,snv,FAM120A,GCCCAGCCTCCAGGCATCTC
rs977490130_snv_C_T.4,rs977490130_snv_C_T,snv,FAM120A,GCCCAGGATTGGAACACAGT
rs1588859483_snv_C_T.4,rs1588859483_snv_C_T,snv,FAM120A,GTGTGAAAGAGACCACATGG
rs371621692_snv_C_T.1,rs371621692_snv_C_T,snv,FAM120A,GCGCGGCTCGGGGCTCCCGG
rs371621692_snv_A_C.4,rs371621692_snv_A_C,snv,FAM120A,GCGCGGCTCGGGGCTCCCGG
rs4744245_snv_A_T.3,rs4744245_snv_A_T,snv,FAM120A,GCCCAGCCTCCAGGCATCTC
rs4744245_snv_A_T.4,rs4744245_snv_A_T,snv,FAM120A,GCCAGCCTCCAGGCATCTCC
rs7027660_snv_A_G.4,rs7027660_snv_A_G,snv,FAM120A,GCTCTGCTCCCGCCCACAGT
rs6479488_snv_A_T.4,rs6479488_snv_A_T,snv,FAM120A,GCATGGGGGCACCACCTGAA
rs371621692_snv_C_T.2,rs371621692_snv_C_T,snv,FAM120A,GCGCGGCTCGGGGCTCCCGG
rs75115234_snv_C_T.4,rs75115234_snv_C_T,snv,FAM120A,GCTGCTGTGTGTTCCAACCC
rs371621692_snv_C_T.3,rs371621692_snv_C_T,snv,FAM120A,GCGCGGCTCGGGGCTCCCGG
rs10992765_snv_A_C.3,rs10992765_snv_A_C,snv,FAM120A,GGATGCCCAAGAGCAAAGCA
rs17532098_snv_C_T.1,rs17532098_snv_C_T,snv,FAM120A,GTTTAAAGCCAGGCAGACCT
rs371621692_snv_C_T.4,rs371621692_snv_C_T,snv,FAM120A,GCGCGGCTCGGGGCTCCCGG
rs10992772_snv_C_T.2,rs10992772_snv_C_T,snv,FAM120A,GCCCTGCACCAGCAGGGCCC
rs4744245_snv_C_T.3,rs4744245_snv_C_T,snv,FAM120A,GCCCAGCCTCCAGGCATCTC
rs4744245_snv_C_T.4,rs4744245_snv_C_T,snv,FAM120A,GCCCAGCCTCCAGGCATCTC
rs186191706_snv_A_G.4,rs186191706_snv_A_G,snv,FAM120A,GACAGAAACAATGGAAGATC
rs10992765_snv_A_C.4,rs10992765_snv_A_C,snv,FAM120A,GGATGCCCAAGAGCAAAGCA
rs17532098_snv_C_T.2,rs17532098_snv_C_T,snv,FAM120A,GTTTAAAGCCAGGCAGACCT
rs1051834164_snv_C_T.1,rs1051834164_snv_C_T,snv,FAM120A,GGCGAGCGCCAGCCCCTCCC
rs17532098_snv_C_T.3,rs17532098_snv_C_T,snv,FAM120A,GTTTAAAGCCAGGCAGACCT
rs10992772_snv_C_T.3,rs10992772_snv_C_T,snv,FAM120A,GCCCTGCACCAGCAGGGCCC
rs1051834164_snv_C_T.2,rs1051834164_snv_C_T,snv,FAM120A,GGCGAGCGCCAGCCCCTCCC
rs17532098_snv_C_T.4,rs17532098_snv_C_T,snv,FAM120A,GTTTAAAGCCAGGCAGACCT
rs1051834164_snv_C_T.3,rs1051834164_snv_C_T,snv,FAM120A,GGCGAGCGCCAGCCCCTCCC
rs138193396_snv_C_T.1,rs138193396_snv_C_T,snv,FAM120A,GTGGGGCCTCCTCTCCCTAT
rs10992772_snv_C_G.1,rs10992772_snv_C_G,snv,FAM120A,GCCCTGCACCAGCAGGGCCC
rs10992772_snv_C_T.4,rs10992772_snv_C_T,snv,FAM120A,GCCCTGCACCAGCAGGGCCC
rs138193396_snv_C_T.2,rs138193396_snv_C_T,snv,FAM120A,GGCCTCCTCTCCCTATAGGA
rs1051834164_snv_C_T.4,rs1051834164_snv_C_T,snv,FAM120A,GGCGAGCGCCAGCCCCTCCC
rs10992772_snv_C_G.2,rs10992772_snv_C_G,snv,FAM120A,GCCCTGCACCAGCAGGGCCC
rs10992772_snv_C_G.3,rs10992772_snv_C_G,snv,FAM120A,GCCCTGCACCAGCAGGGCCC
rs10821147_snv_G_T.1,rs10821147_snv_G_T,snv,FAM120A,GGCACTCAGCTGACTCAGGC
rs10992772_snv_C_G.4,rs10992772_snv_C_G,snv,FAM120A,GCCCTGCACCAGCAGGGCCC
rs138193396_snv_C_T.3,rs138193396_snv_C_T,snv,FAM120A,GGCCTCCTCTCCCTATAGGA
rs138193396_snv_C_T.4,rs138193396_snv_C_T,snv,FAM120A,GGCCTCCTCTCCCTATAGGA
rs10821147_snv_C_T.1,rs10821147_snv_C_T,snv,FAM120A,GCAGAGCCCACTGCAGGCTC
rs6479488_snv_G_T.1,rs6479488_snv_G_T,snv,FAM120A,GCATGGGGGCACCACCTGAA
rs10821147_snv_G_T.2,rs10821147_snv_G_T,snv,FAM120A,GCAGAGCCCACTGCAGGCTC
rs10821147_snv_G_T.3,rs10821147_snv_G_T,snv,FAM120A,GGCACTCAGCTGACTCAGGC
rs6479488_snv_G_T.2,rs6479488_snv_G_T,snv,FAM120A,GCATGGGGGCACCACCTGAA
rs10821147_snv_G_T.4,rs10821147_snv_G_T,snv,FAM120A,GCAGAGCCCACTGCAGGCTC
rs10821147_snv_C_T.2,rs10821147_snv_C_T,snv,FAM120A,GCAGAGCCCACTGCAGGCTC
rs6479488_snv_G_T.3,rs6479488_snv_G_T,snv,FAM120A,GCATGGGGGCACCACCTGAA
rs6479488_snv_G_T.4,rs6479488_snv_G_T,snv,FAM120A,GCATGGGGGCACCACCTGAA
rs10821147_snv_C_T.3,rs10821147_snv_C_T,snv,FAM120A,GCAGAGCCCACTGCAGGCTC
rs10821147_snv_C_T.4,rs10821147_snv_C_T,snv,FAM120A,GCAGAGCCCACTGCAGGCTC
rs7853605_snv_A_G.1,rs7853605_snv_A_G,snv,FAM120A,GGCGCTTTGAAGGGGAGCCG
rs7853605_snv_A_G.2,rs7853605_snv_A_G,snv,FAM120A,GGACGGCGGCGTTAGAAAGG
rs7853605_snv_A_G.3,rs7853605_snv_A_G,snv,FAM120A,GGACGGCGGCGTTAGAAAGG
rs59582399_snv_A_G.1,rs59582399_snv_A_G,snv,FAM120A,GTTAGCTTAACTAGAGCATG
rs7853605_snv_A_G.4,rs7853605_snv_A_G,snv,FAM120A,GGACGGCGGCGTTAGAAAGG
rs59582399_snv_A_G.2,rs59582399_snv_A_G,snv,FAM120A,GTTAGCTTAACTAGAGCATG
rs59582399_snv_A_G.3,rs59582399_snv_A_G,snv,FAM120A,GTTAGCTTAACTAGAGCATG
rs79469056_snv_A_G.1,rs79469056_snv_A_G,snv,FAM120A,GTTACGCTCTATTAGGGAGA
rs59582399_snv_A_G.4,rs59582399_snv_A_G,snv,FAM120A,GTTAGCTTAACTAGAGCATG
rs79469056_snv_A_G.2,rs79469056_snv_A_G,snv,FAM120A,GTTACGCTCTATTAGGGAGA
rs79469056_snv_G_T.1,rs79469056_snv_G_T,snv,FAM120A,GTTACGCTCTATTAGGGAGA
rs79469056_snv_A_G.3,rs79469056_snv_A_G,snv,FAM120A,GTTACGCTCTATTAGGGAGA
rs79469056_snv_A_G.4,rs79469056_snv_A_G,snv,FAM120A,GTTACGCTCTATTAGGGAGA
rs79469056_snv_G_T.2,rs79469056_snv_G_T,snv,FAM120A,GTTACGCTCTATTAGGGAGA
rs79469056_snv_G_T.3,rs79469056_snv_G_T,snv,FAM120A,GTTACGCTCTATTAGGGAGA
rs79469056_snv_G_T.4,rs79469056_snv_G_T,snv,FAM120A,GTTACGCTCTATTAGGGAGA
rs3815563_snv_A_T.1,rs3815563_snv_A_T,snv,FAM120A,GCCCTCTCCCTCAGAAGAGC
rs3815563_snv_A_T.2,rs3815563_snv_A_T,snv,FAM120A,GCCCTCTCCCTCAGAAGAGC
rs3815563_snv_A_T.3,rs3815563_snv_A_T,snv,FAM120A,GCCCTCTCCCTCAGAAGAGC
rs3815563_snv_A_T.4,rs3815563_snv_A_T,snv,FAM120A,GCCCTCTCCCTCAGAAGAGC
rs78271342_snv_C_T.1,rs78271342_snv_C_T,snv,FAM120A,GTTCCAATCCTGGGATCAAG
rs78271342_snv_C_T.2,rs78271342_snv_C_T,snv,FAM120A,GTTCCAATCCTGGGATCAAG
rs78271342_snv_C_T.3,rs78271342_snv_C_T,snv,FAM120A,GTTCCAATCCTGGGATCAAG
rs78271342_snv_C_T.4,rs78271342_snv_C_T,snv,FAM120A,GTTCCAATCCTGGGATCAAG
rs1014568264_synthetic_indel_NA.1,rs1014568264_synthetic_indel_NA,synthetic_indel,FAM120A,GAAGGCTAGAATGAACCTCA
rs1014568264_synthetic_indel_NA.2,rs1014568264_synthetic_indel_NA,synthetic_indel,FAM120A,GAAGGCTAGAATGAACCTCA
rs1029974624_synthetic_indel_NA.1,rs1029974624_synthetic_indel_NA,synthetic_indel,FAM120A,GGTTGTCGGCGTCCACCAGC
rs1029974624_synthetic_indel_NA.2,rs1029974624_synthetic_indel_NA,synthetic_indel,FAM120A,GGTTGTCGGCGTCCACCAGC
rs1033385277_synthetic_indel_NA.1,rs1033385277_synthetic_indel_NA,synthetic_indel,FAM120A,GGTCTGCTCGGTCTCTCTCG
rs1033385277_synthetic_indel_NA.2,rs1033385277_synthetic_indel_NA,synthetic_indel,FAM120A,GGTCTGCTCGGTCTCTCTCG
rs1050500814_synthetic_indel_NA.1,rs1050500814_synthetic_indel_NA,synthetic_indel,FAM120A,GACTGTGTCACCTCCAGGGT
rs1050500814_synthetic_indel_NA.2,rs1050500814_synthetic_indel_NA,synthetic_indel,FAM120A,GACTGTGTCACCTCCAGGGT
rs1051834164_synthetic_indel_NA.1,rs1051834164_synthetic_indel_NA,synthetic_indel,FAM120A,GGAGGCGGCCAGGAGAGCTG
rs1051834164_synthetic_indel_NA.2,rs1051834164_synthetic_indel_NA,synthetic_indel,FAM120A,GGAGGCGGCCAGGAGAGCTG
rs10761235_synthetic_indel_NA.1,rs10761235_synthetic_indel_NA,synthetic_indel,FAM120A,GGACACACTCTGGGGCCCCG
rs10761235_synthetic_indel_NA.2,rs10761235_synthetic_indel_NA,synthetic_indel,FAM120A,GGACACACTCTGGGGCCCCG
rs10821132_synthetic_indel_NA.1,rs10821132_synthetic_indel_NA,synthetic_indel,FAM120A,GCAGGTGCTACTGCTGCTTG
rs10821132_synthetic_indel_NA.2,rs10821132_synthetic_indel_NA,synthetic_indel,FAM120A,GCAGGTGCTACTGCTGCTTG
rs10821146_synthetic_indel_NA.1,rs10821146_synthetic_indel_NA,synthetic_indel,FAM120A,GGAAAAGGTGTTCAGCCTCC
rs10821146_synthetic_indel_NA.2,rs10821146_synthetic_indel_NA,synthetic_indel,FAM120A,GGAAAAGGTGTTCAGCCTCC
rs10821147_synthetic_indel_NA.1,rs10821147_synthetic_indel_NA,synthetic_indel,FAM120A,GCAGAGCCCACTGCAGGCTC
rs10821147_synthetic_indel_NA.2,rs10821147_synthetic_indel_NA,synthetic_indel,FAM120A,GCAGAGCCCACTGCAGGCTC
rs10992765_synthetic_indel_NA.1,rs10992765_synthetic_indel_NA,synthetic_indel,FAM120A,GTGTTCTGGGCTCTGGCCAT
rs10992765_synthetic_indel_NA.2,rs10992765_synthetic_indel_NA,synthetic_indel,FAM120A,GTGTTCTGGGCTCTGGCCAT
rs10992772_synthetic_indel_NA.1,rs10992772_synthetic_indel_NA,synthetic_indel,FAM120A,GCCCTGCACCAGCAGGGCCC
rs10992772_synthetic_indel_NA.2,rs10992772_synthetic_indel_NA,synthetic_indel,FAM120A,GCCCTGCACCAGCAGGGCCC
rs112378964_synthetic_indel_NA.1,rs112378964_synthetic_indel_NA,synthetic_indel,FAM120A,GGAACTGCGGGGCTCCCCAA
rs112378964_synthetic_indel_NA.2,rs112378964_synthetic_indel_NA,synthetic_indel,FAM120A,GGAACTGCGGGGCTCCCCAA
rs112535020_synthetic_indel_NA.1,rs112535020_synthetic_indel_NA,synthetic_indel,FAM120A,GTGCTCATCCCAGCAGCTTC
rs112535020_synthetic_indel_NA.2,rs112535020_synthetic_indel_NA,synthetic_indel,FAM120A,GTGCTCATCCCAGCAGCTTC
rs113343659_synthetic_indel_NA.1,rs113343659_synthetic_indel_NA,synthetic_indel,FAM120A,GCGTGAGGGTCCGGCGGCGC
rs113343659_synthetic_indel_NA.2,rs113343659_synthetic_indel_NA,synthetic_indel,FAM120A,GCGTGAGGGTCCGGCGGCGC
rs114132423_synthetic_indel_NA.1,rs114132423_synthetic_indel_NA,synthetic_indel,FAM120A,GCAGTGTTGCATGAGAGAAA
rs114132423_synthetic_indel_NA.2,rs114132423_synthetic_indel_NA,synthetic_indel,FAM120A,GCAGTGTTGCATGAGAGAAA
rs114589685_synthetic_indel_NA.1,rs114589685_synthetic_indel_NA,synthetic_indel,FAM120A,GAAGCCGCGAAGCAGGTCCT
rs114589685_synthetic_indel_NA.2,rs114589685_synthetic_indel_NA,synthetic_indel,FAM120A,GAAGCCGCGAAGCAGGTCCT
rs115012083_synthetic_indel_NA.1,rs115012083_synthetic_indel_NA,synthetic_indel,FAM120A,GCGGCCGGCAGAGTCCCGAT
rs115012083_synthetic_indel_NA.2,rs115012083_synthetic_indel_NA,synthetic_indel,FAM120A,GCGGCCGGCAGAGTCCCGAT
rs116030296_synthetic_indel_NA.1,rs116030296_synthetic_indel_NA,synthetic_indel,FAM120A,GGTAGAATGTGACCAGCCTT
rs116030296_synthetic_indel_NA.2,rs116030296_synthetic_indel_NA,synthetic_indel,FAM120A,GGTAGAATGTGACCAGCCTT
rs117810130_synthetic_indel_NA.1,rs117810130_synthetic_indel_NA,synthetic_indel,FAM120A,GTTCTCTGCAGCCTGATATG
rs117810130_synthetic_indel_NA.2,rs117810130_synthetic_indel_NA,synthetic_indel,FAM120A,GTTCTCTGCAGCCTGATATG
rs11791374_synthetic_indel_NA.1,rs11791374_synthetic_indel_NA,synthetic_indel,FAM120A,GCACTGACCTAGCTCCAGCA
rs11791374_synthetic_indel_NA.2,rs11791374_synthetic_indel_NA,synthetic_indel,FAM120A,GCACTGACCTAGCTCCAGCA
rs1304217046_synthetic_indel_NA.1,rs1304217046_synthetic_indel_NA,synthetic_indel,FAM120A,GGGAGGCCATGTCCCTGTGA
rs1304217046_synthetic_indel_NA.2,rs1304217046_synthetic_indel_NA,synthetic_indel,FAM120A,GGGAGGCCATGTCCCTGTGA
rs1378062010_synthetic_indel_NA.1,rs1378062010_synthetic_indel_NA,synthetic_indel,FAM120A,GCGGGCGGGCTGGCGGGCGG
rs1378062010_synthetic_indel_NA.2,rs1378062010_synthetic_indel_NA,synthetic_indel,FAM120A,GCGGGCGGGCTGGCGGGCGG
rs1378522108_synthetic_indel_NA.1,rs1378522108_synthetic_indel_NA,synthetic_indel,FAM120A,GCCGAGAGCCCGAAGCTGCT
rs1378522108_synthetic_indel_NA.2,rs1378522108_synthetic_indel_NA,synthetic_indel,FAM120A,GCCGAGAGCCCGAAGCTGCT
rs138193396_synthetic_indel_NA.1,rs138193396_synthetic_indel_NA,synthetic_indel,FAM120A,GGCCTCCTCTCCCTATAGGA
rs138193396_synthetic_indel_NA.2,rs138193396_synthetic_indel_NA,synthetic_indel,FAM120A,GGCCTCCTCTCCCTATAGGA
rs140691097_synthetic_indel_NA.1,rs140691097_synthetic_indel_NA,synthetic_indel,FAM120A,GACTCGCCGGTTCCTGACGG
rs140691097_synthetic_indel_NA.2,rs140691097_synthetic_indel_NA,synthetic_indel,FAM120A,GACTCGCCGGTTCCTGACGG
rs1412050_synthetic_indel_NA.1,rs1412050_synthetic_indel_NA,synthetic_indel,FAM120A,GCTGCATCCAGGTCAGTCAC
rs1412050_synthetic_indel_NA.2,rs1412050_synthetic_indel_NA,synthetic_indel,FAM120A,GCTGCATCCAGGTCAGTCAC
rs143143258_synthetic_indel_NA.1,rs143143258_synthetic_indel_NA,synthetic_indel,FAM120A,GGCCATCCTGTAGGGAGAGG
rs143143258_synthetic_indel_NA.2,rs143143258_synthetic_indel_NA,synthetic_indel,FAM120A,GGCCATCCTGTAGGGAGAGG
rs145409988_synthetic_indel_NA.1,rs145409988_synthetic_indel_NA,synthetic_indel,FAM120A,GCATGGATACTCTTCCTTGG
rs145409988_synthetic_indel_NA.2,rs145409988_synthetic_indel_NA,synthetic_indel,FAM120A,GCATGGATACTCTTCCTTGG
rs147019158_synthetic_indel_NA.1,rs147019158_synthetic_indel_NA,synthetic_indel,FAM120A,GGGATCTCCAGGAGCAACGA
rs147019158_synthetic_indel_NA.2,rs147019158_synthetic_indel_NA,synthetic_indel,FAM120A,GGGATCTCCAGGAGCAACGA
rs147257678_synthetic_indel_NA.1,rs147257678_synthetic_indel_NA,synthetic_indel,FAM120A,GGTCTGCTCGGTCTCTCTCG
rs147257678_synthetic_indel_NA.2,rs147257678_synthetic_indel_NA,synthetic_indel,FAM120A,GGTCTGCTCGGTCTCTCTCG
rs148504862_synthetic_indel_NA.1,rs148504862_synthetic_indel_NA,synthetic_indel,FAM120A,GATCGGAGCCTGGGGCGCTC
rs148504862_synthetic_indel_NA.2,rs148504862_synthetic_indel_NA,synthetic_indel,FAM120A,GATCGGAGCCTGGGGCGCTC
rs1587649346_synthetic_indel_NA.1,rs1587649346_synthetic_indel_NA,synthetic_indel,FAM120A,GTCCCGCTCCAGGGAGGGGC
rs1587649346_synthetic_indel_NA.2,rs1587649346_synthetic_indel_NA,synthetic_indel,FAM120A,GTCCCGCTCCAGGGAGGGGC
rs1587649687_synthetic_indel_NA.1,rs1587649687_synthetic_indel_NA,synthetic_indel,FAM120A,GGGAACCGGCGAGTCAGGGT
rs1587649687_synthetic_indel_NA.2,rs1587649687_synthetic_indel_NA,synthetic_indel,FAM120A,GGGAACCGGCGAGTCAGGGT
rs1587729255_synthetic_indel_NA.1,rs1587729255_synthetic_indel_NA,synthetic_indel,FAM120A,GCCTCTGGCCAACCAGCAGC
rs1587729255_synthetic_indel_NA.2,rs1587729255_synthetic_indel_NA,synthetic_indel,FAM120A,GCCTCTGGCCAACCAGCAGC
rs1587729331_synthetic_indel_NA.1,rs1587729331_synthetic_indel_NA,synthetic_indel,FAM120A,GCCGGTGGTTATTCTGGGTA
rs1587729331_synthetic_indel_NA.2,rs1587729331_synthetic_indel_NA,synthetic_indel,FAM120A,GGCCCTGCCCTGCCCCCCGG
rs1588832385_synthetic_indel_NA.1,rs1588832385_synthetic_indel_NA,synthetic_indel,FAM120A,GGAGCAGCTGAGAGACACTT
rs1588832385_synthetic_indel_NA.2,rs1588832385_synthetic_indel_NA,synthetic_indel,FAM120A,GGAGCAGCTGAGAGACACTT
rs1588859453_synthetic_indel_NA.1,rs1588859453_synthetic_indel_NA,synthetic_indel,FAM120A,GTGTGAAAGAGACCACATGG
rs1588859453_synthetic_indel_NA.2,rs1588859453_synthetic_indel_NA,synthetic_indel,FAM120A,GTGTGAAAGAGACCACATGG
rs1588859483_synthetic_indel_NA.1,rs1588859483_synthetic_indel_NA,synthetic_indel,FAM120A,GTGTGAAAGAGACCACATGG
rs1588859483_synthetic_indel_NA.2,rs1588859483_synthetic_indel_NA,synthetic_indel,FAM120A,GTCCAGCTGTCAGCCAGGCA
rs1588862466_synthetic_indel_NA.1,rs1588862466_synthetic_indel_NA,synthetic_indel,FAM120A,GGCCTCTGGCTCTTCCCTTG
rs1588862466_synthetic_indel_NA.2,rs1588862466_synthetic_indel_NA,synthetic_indel,FAM120A,GGCCTCTGGCTCTTCCCTTG
rs1588862628_synthetic_indel_NA.1,rs1588862628_synthetic_indel_NA,synthetic_indel,FAM120A,GCCAAGCCTGGACTGAGACC
rs1588862628_synthetic_indel_NA.2,rs1588862628_synthetic_indel_NA,synthetic_indel,FAM120A,GCCAAGCCTGGACTGAGACC
rs17532098_synthetic_indel_NA.1,rs17532098_synthetic_indel_NA,synthetic_indel,FAM120A,GTTTAAAGCCAGGCAGACCT
rs17532098_synthetic_indel_NA.2,rs17532098_synthetic_indel_NA,synthetic_indel,FAM120A,GTTTAAAGCCAGGCAGACCT
rs185597561_synthetic_indel_NA.1,rs185597561_synthetic_indel_NA,synthetic_indel,FAM120A,GTATGTCCAGGCAGACCGAA
rs185597561_synthetic_indel_NA.2,rs185597561_synthetic_indel_NA,synthetic_indel,FAM120A,GTATGTCCAGGCAGACCGAA
rs186191706_synthetic_indel_NA.1,rs186191706_synthetic_indel_NA,synthetic_indel,FAM120A,GTAGGTGGGTACAGAAACAA
rs186191706_synthetic_indel_NA.2,rs186191706_synthetic_indel_NA,synthetic_indel,FAM120A,GTAGGTGGGTACAGAAACAA
rs187495209_synthetic_indel_NA.1,rs187495209_synthetic_indel_NA,synthetic_indel,FAM120A,GAGCTCCCCATCAGCTGTCT
rs187495209_synthetic_indel_NA.2,rs187495209_synthetic_indel_NA,synthetic_indel,FAM120A,GAGCCTCTCCCAGGCCCAGA
rs28666855_synthetic_indel_NA.1,rs28666855_synthetic_indel_NA,synthetic_indel,FAM120A,GTTGTTCACTTGTAGTATAT
rs28666855_synthetic_indel_NA.2,rs28666855_synthetic_indel_NA,synthetic_indel,FAM120A,GTTGTTCACTTGTAGTATAT
rs35383254_synthetic_indel_NA.1,rs35383254_synthetic_indel_NA,synthetic_indel,FAM120A,GCCTGTAGCTGTCAGCTATG
rs35383254_synthetic_indel_NA.2,rs35383254_synthetic_indel_NA,synthetic_indel,FAM120A,GCTGGTGGGGTCCTGCTGCT
rs369034665_synthetic_indel_NA.1,rs369034665_synthetic_indel_NA,synthetic_indel,FAM120A,GCATACTGGGACCCTGAGTG
rs369034665_synthetic_indel_NA.2,rs369034665_synthetic_indel_NA,synthetic_indel,FAM120A,GCATACTGGGACCCTGAGTG
rs371621692_synthetic_indel_NA.1,rs371621692_synthetic_indel_NA,synthetic_indel,FAM120A,GGGACGCGGCTCGGGGCTCC
rs371621692_synthetic_indel_NA.2,rs371621692_synthetic_indel_NA,synthetic_indel,FAM120A,GGGACGCGGCTCGGGGCTCC
rs372408329_synthetic_indel_NA.1,rs372408329_synthetic_indel_NA,synthetic_indel,FAM120A,GGCCTCCTCTCCCTACAGGA
rs372408329_synthetic_indel_NA.2,rs372408329_synthetic_indel_NA,synthetic_indel,FAM120A,GGCCTCCTCTCCCTACAGGA
rs372629307_synthetic_indel_NA.1,rs372629307_synthetic_indel_NA,synthetic_indel,FAM120A,GCAGTGGCTGCTTTCTCAGT
rs372629307_synthetic_indel_NA.2,rs372629307_synthetic_indel_NA,synthetic_indel,FAM120A,GCAGTGGCTGCTTTCTCAGT
rs372774194_synthetic_indel_NA.1,rs372774194_synthetic_indel_NA,synthetic_indel,FAM120A,GGGCAGGTGGCGGCGGGAAA
rs372774194_synthetic_indel_NA.2,rs372774194_synthetic_indel_NA,synthetic_indel,FAM120A,GGGCAGGTGGCGGCGGGAAA
rs374736421_synthetic_indel_NA.1,rs374736421_synthetic_indel_NA,synthetic_indel,FAM120A,GCAGGTGGAGTGAGCTCTCC
rs374736421_synthetic_indel_NA.2,rs374736421_synthetic_indel_NA,synthetic_indel,FAM120A,GCAGGTGGAGTGAGCTCTCC
rs3815563_synthetic_indel_NA.1,rs3815563_synthetic_indel_NA,synthetic_indel,FAM120A,GGAAACGTGCGCCTTTGCAG
rs3815563_synthetic_indel_NA.2,rs3815563_synthetic_indel_NA,synthetic_indel,FAM120A,GGAAACGTGCGCCTTTGCAG
rs41274392_synthetic_indel_NA.1,rs41274392_synthetic_indel_NA,synthetic_indel,FAM120A,GGCCTTTCTAACGCCGCCGT
rs41274392_synthetic_indel_NA.2,rs41274392_synthetic_indel_NA,synthetic_indel,FAM120A,GGCCTTTCTAACGCCGCCGT
rs4743924_synthetic_indel_NA.1,rs4743924_synthetic_indel_NA,synthetic_indel,FAM120A,GGTCAGAGGTGCTGTCCTAA
rs4743924_synthetic_indel_NA.2,rs4743924_synthetic_indel_NA,synthetic_indel,FAM120A,GGTCAGAGGTGCTGTCCTAA
rs4743925_synthetic_indel_NA.1,rs4743925_synthetic_indel_NA,synthetic_indel,FAM120A,GAGGATTAAAGAAGACGTCA
rs4743925_synthetic_indel_NA.2,rs4743925_synthetic_indel_NA,synthetic_indel,FAM120A,GAGGATTAAAGAAGACGTCA
rs4744245_synthetic_indel_NA.1,rs4744245_synthetic_indel_NA,synthetic_indel,FAM120A,GCCTCGGGAGACCTGCTGTT
rs4744245_synthetic_indel_NA.2,rs4744245_synthetic_indel_NA,synthetic_indel,FAM120A,GCCTCGGGAGACCTGCTGTT
rs537271001_synthetic_indel_NA.1,rs537271001_synthetic_indel_NA,synthetic_indel,FAM120A,GGCAGGATGCAGCACCACAC
rs537271001_synthetic_indel_NA.2,rs537271001_synthetic_indel_NA,synthetic_indel,FAM120A,GCACAGCCATCCCTGCCTCA
rs544373219_synthetic_indel_NA.1,rs544373219_synthetic_indel_NA,synthetic_indel,FAM120A,GTGTGAAAGAGACCACATGG
rs544373219_synthetic_indel_NA.2,rs544373219_synthetic_indel_NA,synthetic_indel,FAM120A,GTGTGAAAGAGACCACATGG
rs549298441_synthetic_indel_NA.1,rs549298441_synthetic_indel_NA,synthetic_indel,FAM120A,GGGCCGCCGCCTCCGCCCGG
rs549298441_synthetic_indel_NA.2,rs549298441_synthetic_indel_NA,synthetic_indel,FAM120A,GGGCCGCCGCCTCCGCCCGG
rs557221275_synthetic_indel_NA.1,rs557221275_synthetic_indel_NA,synthetic_indel,FAM120A,GGCCTCCGGGAGGAAAAAGC
rs557221275_synthetic_indel_NA.2,rs557221275_synthetic_indel_NA,synthetic_indel,FAM120A,GGCCTCCGGGAGGAAAAAGC
rs57055893_synthetic_indel_NA.1,rs57055893_synthetic_indel_NA,synthetic_indel,FAM120A,GCCCAACACTGGAGGGGTAG
rs57055893_synthetic_indel_NA.2,rs57055893_synthetic_indel_NA,synthetic_indel,FAM120A,GCCCAACACTGGAGGGGTAG
rs571684412_synthetic_indel_NA.1,rs571684412_synthetic_indel_NA,synthetic_indel,FAM120A,GAGACAATGGATAGCGGCTC
rs571684412_synthetic_indel_NA.2,rs571684412_synthetic_indel_NA,synthetic_indel,FAM120A,GAGACAATGGATAGCGGCTC
rs571772754_synthetic_indel_NA.1,rs571772754_synthetic_indel_NA,synthetic_indel,FAM120A,GAGCTGAGCCTGCAGAGCAT
rs571772754_synthetic_indel_NA.2,rs571772754_synthetic_indel_NA,synthetic_indel,FAM120A,GAGCTGAGCCTGCAGAGCAT
rs575684658_synthetic_indel_NA.1,rs575684658_synthetic_indel_NA,synthetic_indel,FAM120A,GTCACCAGGCCTCCTCTTCT
rs575684658_synthetic_indel_NA.2,rs575684658_synthetic_indel_NA,synthetic_indel,FAM120A,GTCACCAGGCCTCCTCTTCT
rs57604237_synthetic_indel_NA.1,rs57604237_synthetic_indel_NA,synthetic_indel,FAM120A,GTTTAAAGCCAGGCAGACCT
rs57604237_synthetic_indel_NA.2,rs57604237_synthetic_indel_NA,synthetic_indel,FAM120A,GTTTAAAGCCAGGCAGACCT
rs577707940_synthetic_indel_NA.1,rs577707940_synthetic_indel_NA,synthetic_indel,FAM120A,GGAGGGATGCGTCAGGCCCT
rs577707940_synthetic_indel_NA.2,rs577707940_synthetic_indel_NA,synthetic_indel,FAM120A,GGAGGGATGCGTCAGGCCCT
rs577733411_synthetic_indel_NA.1,rs577733411_synthetic_indel_NA,synthetic_indel,FAM120A,GCATGAAAGAGACCACATGG
rs577733411_synthetic_indel_NA.2,rs577733411_synthetic_indel_NA,synthetic_indel,FAM120A,GCATGAAAGAGACCACATGG
rs59582399_synthetic_indel_NA.1,rs59582399_synthetic_indel_NA,synthetic_indel,FAM120A,GTTAGCTTAACTAGAGCATG
rs59582399_synthetic_indel_NA.2,rs59582399_synthetic_indel_NA,synthetic_indel,FAM120A,GTTAGCTTAACTAGAGCATG
rs6479488_synthetic_indel_NA.1,rs6479488_synthetic_indel_NA,synthetic_indel,FAM120A,GGCATGGGGGCACCACCTGA
rs6479488_synthetic_indel_NA.2,rs6479488_synthetic_indel_NA,synthetic_indel,FAM120A,GGCATGGGGGCACCACCTGA
rs6479502_synthetic_indel_NA.1,rs6479502_synthetic_indel_NA,synthetic_indel,FAM120A,GACTACAGCCTGCTGCTGGT
rs6479502_synthetic_indel_NA.2,rs6479502_synthetic_indel_NA,synthetic_indel,FAM120A,GACTACAGCCTGCTGCTGGT
rs7027660_synthetic_indel_NA.1,rs7027660_synthetic_indel_NA,synthetic_indel,FAM120A,GCTCTGCTCCCGCCCACAGT
rs7027660_synthetic_indel_NA.2,rs7027660_synthetic_indel_NA,synthetic_indel,FAM120A,GCTCTGCTCCCGCCCACAGT
rs73523946_synthetic_indel_NA.1,rs73523946_synthetic_indel_NA,synthetic_indel,FAM120A,GCATGGAGATGATGGGCACA
rs73523946_synthetic_indel_NA.2,rs73523946_synthetic_indel_NA,synthetic_indel,FAM120A,GCATGGAGATGATGGGCACA
rs74740549_synthetic_indel_NA.1,rs74740549_synthetic_indel_NA,synthetic_indel,FAM120A,GCTGCAGTCCCGGAGATGCC
rs74740549_synthetic_indel_NA.2,rs74740549_synthetic_indel_NA,synthetic_indel,FAM120A,GCTGCAGTCCCGGAGATGCC
rs75115234_synthetic_indel_NA.1,rs75115234_synthetic_indel_NA,synthetic_indel,FAM120A,GCTGCTGTGTGTTCCAACCC
rs75115234_synthetic_indel_NA.2,rs75115234_synthetic_indel_NA,synthetic_indel,FAM120A,GCTGCTGTGTGTTCCAACCC
rs75704756_synthetic_indel_NA.1,rs75704756_synthetic_indel_NA,synthetic_indel,FAM120A,GGACCGGCTCTGGGTCCAGC
rs75704756_synthetic_indel_NA.2,rs75704756_synthetic_indel_NA,synthetic_indel,FAM120A,GGACCGGCTCTGGGTCCAGC
rs76152877_synthetic_indel_NA.1,rs76152877_synthetic_indel_NA,synthetic_indel,FAM120A,GCTGCCTCCTCCTGTGCCCT
rs76152877_synthetic_indel_NA.2,rs76152877_synthetic_indel_NA,synthetic_indel,FAM120A,GCCTGCCTCCTCCTGTGCCC
rs772883990_synthetic_indel_NA.1,rs772883990_synthetic_indel_NA,synthetic_indel,FAM120A,GCACGAGTGGGTCAAGCGGC
rs772883990_synthetic_indel_NA.2,rs772883990_synthetic_indel_NA,synthetic_indel,FAM120A,GCACGAGTGGGTCAAGCGGC
rs774916825_synthetic_indel_NA.1,rs774916825_synthetic_indel_NA,synthetic_indel,FAM120A,GGGAGGTAGGGCTTGTAACC
rs774916825_synthetic_indel_NA.2,rs774916825_synthetic_indel_NA,synthetic_indel,FAM120A,GGGAGGTAGGGCTTGTAACC
rs77750454_synthetic_indel_NA.1,rs77750454_synthetic_indel_NA,synthetic_indel,FAM120A,GGATAGCACTTGGCAGGGCC
rs77750454_synthetic_indel_NA.2,rs77750454_synthetic_indel_NA,synthetic_indel,FAM120A,GGATAGCACTTGGCAGGGCC
rs78024225_synthetic_indel_NA.1,rs78024225_synthetic_indel_NA,synthetic_indel,FAM120A,GCAGATACTGGTGCTTCTGT
rs78024225_synthetic_indel_NA.2,rs78024225_synthetic_indel_NA,synthetic_indel,FAM120A,GAGATACTGGTGCTTCTGTA
rs78271342_synthetic_indel_NA.1,rs78271342_synthetic_indel_NA,synthetic_indel,FAM120A,GTTCCAATCCTGGGATCAAG
rs78271342_synthetic_indel_NA.2,rs78271342_synthetic_indel_NA,synthetic_indel,FAM120A,GTTCCAATCCTGGGATCAAG
rs7853605_synthetic_indel_NA.1,rs7853605_synthetic_indel_NA,synthetic_indel,FAM120A,GGACGGCGGCGTTAGAAAGG
rs7853605_synthetic_indel_NA.2,rs7853605_synthetic_indel_NA,synthetic_indel,FAM120A,GGACGGCGGCGTTAGAAAGG
rs7858065_synthetic_indel_NA.1,rs7858065_synthetic_indel_NA,synthetic_indel,FAM120A,GGGAGGAAAAAGCTGGGAGT
rs7858065_synthetic_indel_NA.2,rs7858065_synthetic_indel_NA,synthetic_indel,FAM120A,GGGAGGAAAAAGCTGGGAGT
rs7870048_synthetic_indel_NA.1,rs7870048_synthetic_indel_NA,synthetic_indel,FAM120A,GTCACAGAGTGAGTAGACTG
rs7870048_synthetic_indel_NA.2,rs7870048_synthetic_indel_NA,synthetic_indel,FAM120A,GTCACAGAGTGAGTAGACTG
rs79012724_synthetic_indel_NA.1,rs79012724_synthetic_indel_NA,synthetic_indel,FAM120A,GCATACTGGGACCCTGAGTG
rs79012724_synthetic_indel_NA.2,rs79012724_synthetic_indel_NA,synthetic_indel,FAM120A,GCATACTGGGACCCTGAGTG
rs79469056_synthetic_indel_NA.1,rs79469056_synthetic_indel_NA,synthetic_indel,FAM120A,GTTACGCTCTATTAGGGAGA
rs79469056_synthetic_indel_NA.2,rs79469056_synthetic_indel_NA,synthetic_indel,FAM120A,GTTACGCTCTATTAGGGAGA
rs79534420_synthetic_indel_NA.1,rs79534420_synthetic_indel_NA,synthetic_indel,FAM120A,GTGTGAAATGCACTGTCTAC
rs79534420_synthetic_indel_NA.2,rs79534420_synthetic_indel_NA,synthetic_indel,FAM120A,GTGTGAAATGCACTGTCTAC
rs79629992_synthetic_indel_NA.1,rs79629992_synthetic_indel_NA,synthetic_indel,FAM120A,GGACCCCGAACAGGGACAGC
rs79629992_synthetic_indel_NA.2,rs79629992_synthetic_indel_NA,synthetic_indel,FAM120A,GGACCCCGAACAGGGACAGC
rs868386811_synthetic_indel_NA.1,rs868386811_synthetic_indel_NA,synthetic_indel,FAM120A,GGATAGCACTTGGCAGGGCC
rs868386811_synthetic_indel_NA.2,rs868386811_synthetic_indel_NA,synthetic_indel,FAM120A,GGATAGCACTTGGCAGGGCC
rs887939459_synthetic_indel_NA.1,rs887939459_synthetic_indel_NA,synthetic_indel,FAM120A,GCAATTGTCCTCCTTGTTCC
rs887939459_synthetic_indel_NA.2,rs887939459_synthetic_indel_NA,synthetic_indel,FAM120A,GCAATTGTCCTCCTTGTTCC
rs893994874_synthetic_indel_NA.1,rs893994874_synthetic_indel_NA,synthetic_indel,FAM120A,GCATACTGGGACCCTGAGTG
rs893994874_synthetic_indel_NA.2,rs893994874_synthetic_indel_NA,synthetic_indel,FAM120A,GCATACTGGGACCCTGAGTG
rs894979238_synthetic_indel_NA.1,rs894979238_synthetic_indel_NA,synthetic_indel,FAM120A,GCCTAGACCAAGACAGCTGA
rs894979238_synthetic_indel_NA.2,rs894979238_synthetic_indel_NA,synthetic_indel,FAM120A,GCCTAGACCAAGACAGCTGA
rs905702847_synthetic_indel_NA.1,rs905702847_synthetic_indel_NA,synthetic_indel,FAM120A,GCGGGAGAGGCGAGCCCGGC
rs905702847_synthetic_indel_NA.2,rs905702847_synthetic_indel_NA,synthetic_indel,FAM120A,GCGGGAGAGGCGAGCCCGGC
rs948201736_synthetic_indel_NA.1,rs948201736_synthetic_indel_NA,synthetic_indel,FAM120A,GCCGGCCCCGCACAGAGAAC
rs948201736_synthetic_indel_NA.2,rs948201736_synthetic_indel_NA,synthetic_indel,FAM120A,GCCGGCCCCGCACAGAGAAC
rs959100196_synthetic_indel_NA.1,rs959100196_synthetic_indel_NA,synthetic_indel,FAM120A,GGCAGCTGCTGCCCAGCCTG
rs959100196_synthetic_indel_NA.2,rs959100196_synthetic_indel_NA,synthetic_indel,FAM120A,GGCAGCTGCTGCCCAGCCTG
rs960737542_synthetic_indel_NA.1,rs960737542_synthetic_indel_NA,synthetic_indel,FAM120A,GGAGAGACCGAGCAGACCCT
rs960737542_synthetic_indel_NA.2,rs960737542_synthetic_indel_NA,synthetic_indel,FAM120A,GGAGAGACCGAGCAGACCCT
rs965602214_synthetic_indel_NA.1,rs965602214_synthetic_indel_NA,synthetic_indel,FAM120A,GGCACTCCAGCCCAGCCTCC
rs965602214_synthetic_indel_NA.2,rs965602214_synthetic_indel_NA,synthetic_indel,FAM120A,GGCACTCCAGCCCAGCCTCC
rs969178302_synthetic_indel_NA.1,rs969178302_synthetic_indel_NA,synthetic_indel,FAM120A,GGCCCTCCCACTGTGCTCCA
rs969178302_synthetic_indel_NA.2,rs969178302_synthetic_indel_NA,synthetic_indel,FAM120A,GGCCCTCCCACTGTGCTCCA
rs977490130_synthetic_indel_NA.1,rs977490130_synthetic_indel_NA,synthetic_indel,FAM120A,GTCCCAGGATTGGAACACAG
rs977490130_synthetic_indel_NA.2,rs977490130_synthetic_indel_NA,synthetic_indel,FAM120A,GTCCCAGGATTGGAACACAG
rs984593305_synthetic_indel_NA.1,rs984593305_synthetic_indel_NA,synthetic_indel,FAM120A,GCAAAAGGACCAAAGGATAG
rs984593305_synthetic_indel_NA.2,rs984593305_synthetic_indel_NA,synthetic_indel,FAM120A,GCAAAAGGACCAAAGGATAG
rs7850322_snv_A_G.1,rs7850322_snv_A_G,snv,FAM120A,GCAGGAGAATGGTGTGAACC
rs7850322_snv_A_G.2,rs7850322_snv_A_G,snv,FAM120A,GCAGGAGAATGGTGTGAACC
rs7850322_snv_A_G.3,rs7850322_snv_A_G,snv,FAM120A,GCAGGAGAATGGTGTGAACC
rs7850322_snv_A_G.4,rs7850322_snv_A_G,snv,FAM120A,GCAGGAGAATGGTGTGAACC
rs12554020_snv_C_G.1,rs12554020_snv_C_G,snv,FAM120A,GGTGGGGCTTTGAAATGCAG
rs12554020_snv_C_G.2,rs12554020_snv_C_G,snv,FAM120A,GGTGGGGCTTTGAAATGCAG
rs60076242_snv_C_T.1,rs60076242_snv_C_T,snv,FAM120A,GATCCCAGCACTCTGGAAGG
rs12554020_snv_C_G.3,rs12554020_snv_C_G,snv,FAM120A,GGTGGGGCTTTGAAATGCAG
rs60076242_snv_C_T.2,rs60076242_snv_C_T,snv,FAM120A,GATCCCAGCACTCTGGAAGG
rs12554020_snv_C_G.4,rs12554020_snv_C_G,snv,FAM120A,GGTGGGGCTTTGAAATGCAG
rs7860098_snv_G_T.1,rs7860098_snv_G_T,snv,FAM120A,GGGAGTAACCAGACAGCTTG
rs7860098_snv_G_T.2,rs7860098_snv_G_T,snv,FAM120A,GGGAGTAACCAGACAGCTTG
rs7860098_snv_G_T.3,rs7860098_snv_G_T,snv,FAM120A,GGGAGTAACCAGACAGCTTG
rs7860098_snv_G_T.4,rs7860098_snv_G_T,snv,FAM120A,GGGAGTAACCAGACAGCTTG
rs60076242_snv_C_T.3,rs60076242_snv_C_T,snv,FAM120A,GATCCCAGCACTCTGGAAGG
rs60076242_snv_C_T.4,rs60076242_snv_C_T,snv,FAM120A,GATCCCAGCACTCTGGAAGG
rs11521650_snv_G_T.1,rs11521650_snv_G_T,snv,FAM120A,GGTGGCTTAGGAGGAATCCC
rs11521650_snv_G_T.2,rs11521650_snv_G_T,snv,FAM120A,GGTGGCTTAGGAGGAATCCC
rs11521650_snv_G_T.3,rs11521650_snv_G_T,snv,FAM120A,GGTGGCTTAGGAGGAATCCC
rs11521650_snv_G_T.4,rs11521650_snv_G_T,snv,FAM120A,GGTGGCTTAGGAGGAATCCC
rs11521650_snv_A_T.1,rs11521650_snv_A_T,snv,FAM120A,GGTGGCTTAGGAGGAATCCC
rs11521650_snv_C_T.1,rs11521650_snv_C_T,snv,FAM120A,GGTGGCTTAGGAGGAATCCC
rs7048853_snv_G_T.1,rs7048853_snv_G_T,snv,FAM120A,GTCCTCAAAGGGGACTTCAA
rs11521650_snv_C_T.2,rs11521650_snv_C_T,snv,FAM120A,GCCAAGGAATGCCCGCAGCC
rs11521650_snv_A_T.2,rs11521650_snv_A_T,snv,FAM120A,GGTGGCTTAGGAGGAATCCC
rs11521650_snv_C_T.3,rs11521650_snv_C_T,snv,FAM120A,GGTGGCTTAGGAGGAATCCC
rs11521650_snv_A_T.3,rs11521650_snv_A_T,snv,FAM120A,GGTGGCTTAGGAGGAATCCC
rs11521650_snv_C_T.4,rs11521650_snv_C_T,snv,FAM120A,GCCAAGGAATGCCCGCAGCC
rs11521650_snv_A_T.4,rs11521650_snv_A_T,snv,FAM120A,GGTGGCTTAGGAGGAATCCC
rs7048853_snv_G_T.2,rs7048853_snv_G_T,snv,FAM120A,GTCCTCAAAGGGGACTTCAA
rs7048853_snv_G_T.3,rs7048853_snv_G_T,snv,FAM120A,GTCCTCAAAGGGGACTTCAA
rs7048853_snv_G_T.4,rs7048853_snv_G_T,snv,FAM120A,GTCCTCAAAGGGGACTTCAA
rs11521650_synthetic_indel_NA.1,rs11521650_synthetic_indel_NA,synthetic_indel,FAM120A,GAGATGGGACGTGGCTTAGG
rs11521650_synthetic_indel_NA.2,rs11521650_synthetic_indel_NA,synthetic_indel,FAM120A,GAGATGGGACGTGGCTTAGG
rs12554020_synthetic_indel_NA.1,rs12554020_synthetic_indel_NA,synthetic_indel,FAM120A,GTCATTTCCATAAAGGGGTG
rs12554020_synthetic_indel_NA.2,rs12554020_synthetic_indel_NA,synthetic_indel,FAM120A,GTCATTTCCATAAAGGGGTG
rs60076242_synthetic_indel_NA.1,rs60076242_synthetic_indel_NA,synthetic_indel,FAM120A,GGCCTCGAACTCTTGACCTC
rs60076242_synthetic_indel_NA.2,rs60076242_synthetic_indel_NA,synthetic_indel,FAM120A,GGCCTCGAACTCTTGACCTC
rs7048853_synthetic_indel_NA.1,rs7048853_synthetic_indel_NA,synthetic_indel,FAM120A,GTCCTCAAAGGGGACTTCAA
rs7048853_synthetic_indel_NA.2,rs7048853_synthetic_indel_NA,synthetic_indel,FAM120A,GTCCTCAAAGGGGACTTCAA
rs7850322_synthetic_indel_NA.1,rs7850322_synthetic_indel_NA,synthetic_indel,FAM120A,GGGAAGCTGAGGCAGGAGAA
rs7850322_synthetic_indel_NA.2,rs7850322_synthetic_indel_NA,synthetic_indel,FAM120A,GGGAAGCTGAGGCAGGAGAA
rs7860098_synthetic_indel_NA.1,rs7860098_synthetic_indel_NA,synthetic_indel,FAM120A,GGGAGTAACCAGACAGCTTG
rs7860098_synthetic_indel_NA.2,rs7860098_synthetic_indel_NA,synthetic_indel,FAM120A,GAGGAGTAACCAGACAGCTT
Control_1,Control_1,non-targeting,FAM120A,NA
Control_2,Control_2,non-targeting,FAM120A,NA
Control_3,Control_3,non-targeting,FAM120A,NA
Control_4,Control_4,non-targeting,FAM120A,NA
Control_5,Control_5,non-targeting,FAM120A,NA
Control_6,Control_6,non-targeting,FAM120A,NA
Control_7,Control_7,non-targeting,FAM120A,NA
Control_8,Control_8,non-targeting,FAM120A,NA
Control_9,Control_9,non-targeting,FAM120A,NA
Control_10,Control_10,non-targeting,FAM120A,NA
Control_11,Control_11,non-targeting,FAM120A,NA
Control_12,Control_12,non-targeting,FAM120A,NA
Control_13,Control_13,non-targeting,FAM120A,NA
Control_14,Control_14,non-targeting,FAM120A,NA
Control_15,Control_15,non-targeting,FAM120A,NA
Control_16,Control_16,non-targeting,FAM120A,NA
Control_17,Control_17,non-targeting,FAM120A,NA
Control_18,Control_18,non-targeting,FAM120A,NA
Control_19,Control_19,non-targeting,FAM120A,NA
Control_20,Control_20,non-targeting,FAM120A,NA
Control_21,Control_21,non-targeting,FAM120A,NA
Control_22,Control_22,non-targeting,FAM120A,NA
Control_23,Control_23,non-targeting,FAM120A,NA
Control_24,Control_24,non-targeting,FAM120A,NA
Control_25,Control_25,non-targeting,FAM120A,NA
Control_26,Control_26,non-targeting,FAM120A,NA
Control_27,Control_27,non-targeting,FAM120A,NA
Control_28,Control_28,non-targeting,FAM120A,NA
Control_29,Control_29,non-targeting,FAM120A,NA
Control_30,Control_30,non-targeting,FAM120A,NA
Control_31,Control_31,non-targeting,FAM120A,NA
Control_32,Control_32,non-targeting,FAM120A,NA
Control_33,Control_33,non-targeting,FAM120A,NA
Control_34,Control_34,non-targeting,FAM120A,NA
Control_35,Control_35,non-targeting,FAM120A,NA
Control_36,Control_36,non-targeting,FAM120A,NA
Control_37,Control_37,non-targeting,FAM120A,NA
Control_38,Control_38,non-targeting,FAM120A,NA
Control_39,Control_39,non-targeting,FAM120A,NA
Control_40,Control_40,non-targeting,FAM120A,NA
Control_41,Control_41,non-targeting,FAM120A,NA
Control_42,Control_42,non-targeting,FAM120A,NA
Control_43,Control_43,non-targeting,FAM120A,NA
Control_44,Control_44,non-targeting,FAM120A,NA
Control_45,Control_45,non-targeting,FAM120A,NA
Control_46,Control_46,non-targeting,FAM120A,NA
Control_47,Control_47,non-targeting,FAM120A,NA
Control_48,Control_48,non-targeting,FAM120A,NA
Control_49,Control_49,non-targeting,FAM120A,NA
Control_50,Control_50,non-targeting,FAM120A,NA
Control_51,Control_51,non-targeting,FAM120A,NA
Control_52,Control_52,non-targeting,FAM120A,NA
Control_53,Control_53,non-targeting,FAM120A,NA
Control_54,Control_54,non-targeting,FAM120A,NA
Control_55,Control_55,non-targeting,FAM120A,NA
Control_56,Control_56,non-targeting,FAM120A,NA
Control_57,Control_57,non-targeting,FAM120A,NA
Control_58,Control_58,non-targeting,FAM120A,NA
Control_59,Control_59,non-targeting,FAM120A,NA
Control_60,Control_60,non-targeting,FAM120A,NA
Control_61,Control_61,non-targeting,FAM120A,NA
Control_62,Control_62,non-targeting,FAM120A,NA
Control_63,Control_63,non-targeting,FAM120A,NA
Control_64,Control_64,non-targeting,FAM120A,NA
Control_65,Control_65,non-targeting,FAM120A,NA
Control_66,Control_66,non-targeting,FAM120A,NA
Control_67,Control_67,non-targeting,FAM120A,NA
Control_68,Control_68,non-targeting,FAM120A,NA
Control_69,Control_69,non-targeting,FAM120A,NA
Control_70,Control_70,non-targeting,FAM120A,NA
Control_71,Control_71,non-targeting,FAM120A,NA
Control_72,Control_72,non-targeting,FAM120A,NA
Control_73,Control_73,non-targeting,FAM120A,NA
Control_74,Control_74,non-targeting,FAM120A,NA
Control_75,Control_75,non-targeting,FAM120A,NA
Control_76,Control_76,non-targeting,FAM120A,NA
Control_77,Control_77,non-targeting,FAM120A,NA
Control_78,Control_78,non-targeting,FAM120A,NA
Control_79,Control_79,non-targeting,FAM120A,NA
Control_80,Control_80,non-targeting,FAM120A,NA
Control_81,Control_81,non-targeting,FAM120A,NA
Control_82,Control_82,non-targeting,FAM120A,NA
Control_83,Control_83,non-targeting,FAM120A,NA
Control_84,Control_84,non-targeting,FAM120A,NA
Control_85,Control_85,non-targeting,FAM120A,NA
Control_86,Control_86,non-targeting,FAM120A,NA
Control_87,Control_87,non-targeting,FAM120A,NA
Control_88,Control_88,non-targeting,FAM120A,NA
Control_89,Control_89,non-targeting,FAM120A,NA
Control_90,Control_90,non-targeting,FAM120A,NA
Control_91,Control_91,non-targeting,FAM120A,NA
Control_92,Control_92,non-targeting,FAM120A,NA
Control_93,Control_93,non-targeting,FAM120A,NA
Control_94,Control_94,non-targeting,FAM120A,NA
Control_95,Control_95,non-targeting,FAM120A,NA
Control_96,Control_96,non-targeting,FAM120A,NA
Control_97,Control_97,non-targeting,FAM120A,NA
Control_98,Control_98,non-targeting,FAM120A,NA
Control_99,Control_99,non-targeting,FAM120A,NA
Control_100,Control_100,non-targeting,FAM120A,NA
Control_101,Control_101,non-targeting,FAM120A,NA
Control_102,Control_102,non-targeting,FAM120A,NA
Control_103,Control_103,non-targeting,FAM120A,NA
Control_104,Control_104,non-targeting,FAM120A,NA
Control_105,Control_105,non-targeting,FAM120A,NA
Control_106,Control_106,non-targeting,FAM120A,NA
Control_107,Control_107,non-targeting,FAM120A,NA
Control_108,Control_108,non-targeting,FAM120A,NA
Control_109,Control_109,non-targeting,FAM120A,NA
Control_110,Control_110,non-targeting,FAM120A,NA
Control_111,Control_111,non-targeting,FAM120A,NA
Control_112,Control_112,non-targeting,FAM120A,NA
Control_113,Control_113,non-targeting,FAM120A,NA
Control_114,Control_114,non-targeting,FAM120A,NA
Control_115,Control_115,non-targeting,FAM120A,NA
Control_116,Control_116,non-targeting,FAM120A,NA
Control_117,Control_117,non-targeting,FAM120A,NA
Control_118,Control_118,non-targeting,FAM120A,NA
Control_119,Control_119,non-targeting,FAM120A,NA
Control_120,Control_120,non-targeting,FAM120A,NA
Control_121,Control_121,non-targeting,FAM120A,NA
Control_122,Control_122,non-targeting,FAM120A,NA
Control_123,Control_123,non-targeting,FAM120A,NA
Control_124,Control_124,non-targeting,FAM120A,NA
Control_125,Control_125,non-targeting,FAM120A,NA
Control_126,Control_126,non-targeting,FAM120A,NA
Control_127,Control_127,non-targeting,FAM120A,NA
Control_128,Control_128,non-targeting,FAM120A,NA
Control_129,Control_129,non-targeting,FAM120A,NA
Control_130,Control_130,non-targeting,FAM120A,NA
Control_131,Control_131,non-targeting,FAM120A,NA
Control_132,Control_132,non-targeting,FAM120A,NA
Control_133,Control_133,non-targeting,FAM120A,NA
Control_134,Control_134,non-targeting,FAM120A,NA
Control_135,Control_135,non-targeting,FAM120A,NA
Control_136,Control_136,non-targeting,FAM120A,NA
Control_137,Control_137,non-targeting,FAM120A,NA
Control_138,Control_138,non-targeting,FAM120A,NA
Control_139,Control_139,non-targeting,FAM120A,NA
Control_140,Control_140,non-targeting,FAM120A,NA
Control_141,Control_141,non-targeting,FAM120A,NA
Control_142,Control_142,non-targeting,FAM120A,NA
Control_143,Control_143,non-targeting,FAM120A,NA
Control_144,Control_144,non-targeting,FAM120A,NA
Control_145,Control_145,non-targeting,FAM120A,NA
Control_146,Control_146,non-targeting,FAM120A,NA
Control_147,Control_147,non-targeting,FAM120A,NA
Control_148,Control_148,non-targeting,FAM120A,NA
Control_149,Control_149,non-targeting,FAM120A,NA
Control_150,Control_150,non-targeting,FAM120A,NA
Control_151,Control_151,non-targeting,FAM120A,NA
Control_152,Control_152,non-targeting,FAM120A,NA
Control_153,Control_153,non-targeting,FAM120A,NA
Control_154,Control_154,non-targeting,FAM120A,NA
Control_155,Control_155,non-targeting,FAM120A,NA
Control_156,Control_156,non-targeting,FAM120A,NA
Control_157,Control_157,non-targeting,FAM120A,NA
Control_158,Control_158,non-targeting,FAM120A,NA
Control_159,Control_159,non-targeting,FAM120A,NA
Control_160,Control_160,non-targeting,FAM120A,NA
Control_161,Control_161,non-targeting,FAM120A,NA
Control_162,Control_162,non-targeting,FAM120A,NA
Control_163,Control_163,non-targeting,FAM120A,NA
Control_164,Control_164,non-targeting,FAM120A,NA
Control_165,Control_165,non-targeting,FAM120A,NA
Control_166,Control_166,non-targeting,FAM120A,NA
Control_167,Control_167,non-targeting,FAM120A,NA
Control_168,Control_168,non-targeting,FAM120A,NA
Control_169,Control_169,non-targeting,FAM120A,NA
Control_170,Control_170,non-targeting,FAM120A,NA
Control_171,Control_171,non-targeting,FAM120A,NA
Control_172,Control_172,non-targeting,FAM120A,NA
Control_173,Control_173,non-targeting,FAM120A,NA
Control_174,Control_174,non-targeting,FAM120A,NA
Control_175,Control_175,non-targeting,FAM120A,NA
Control_176,Control_176,non-targeting,FAM120A,NA
Control_177,Control_177,non-targeting,FAM120A,NA
Control_178,Control_178,non-targeting,FAM120A,NA
Control_179,Control_179,non-targeting,FAM120A,NA
Control_180,Control_180,non-targeting,FAM120A,NA
Control_181,Control_181,non-targeting,FAM120A,NA
Control_182,Control_182,non-targeting,FAM120A,NA
Control_183,Control_183,non-targeting,FAM120A,NA
Control_184,Control_184,non-targeting,FAM120A,NA
Control_185,Control_185,non-targeting,FAM120A,NA
Control_186,Control_186,non-targeting,FAM120A,NA
Control_187,Control_187,non-targeting,FAM120A,NA
Control_188,Control_188,non-targeting,FAM120A,NA
Control_189,Control_189,non-targeting,FAM120A,NA
Control_190,Control_190,non-targeting,FAM120A,NA
Control_191,Control_191,non-targeting,FAM120A,NA
Control_192,Control_192,non-targeting,FAM120A,NA
Control_193,Control_193,non-targeting,FAM120A,NA
Control_194,Control_194,non-targeting,FAM120A,NA
Control_195,Control_195,non-targeting,FAM120A,NA
Control_196,Control_196,non-targeting,FAM120A,NA
Control_197,Control_197,non-targeting,FAM120A,NA
Control_198,Control_198,non-targeting,FAM120A,NA
Control_199,Control_199,non-targeting,FAM120A,NA
Control_200,Control_200,non-targeting,FAM120A,NA
